time,city,target_temp_max_J1,prediction
2022-10-01,Ajaccio,24.3,21.81075796750551
2022-10-02,Ajaccio,24.0,22.656338478366404
2022-10-03,Ajaccio,22.7,24.594729938226845
2022-10-04,Ajaccio,24.9,24.343753628615914
2022-10-05,Ajaccio,24.1,23.664507290252665
2022-10-06,Ajaccio,24.3,24.609035953980307
2022-10-07,Ajaccio,24.3,24.153245039163256
2022-10-08,Ajaccio,23.5,24.18316912275229
2022-10-09,Ajaccio,24.1,24.081345305063845
2022-10-10,Ajaccio,22.8,23.686237209533047
2022-10-11,Ajaccio,19.7,23.85496237544805
2022-10-12,Ajaccio,22.4,23.125630847266457
2022-10-13,Ajaccio,21.8,21.579389967697907
2022-10-14,Ajaccio,23.6,22.793864654539124
2022-10-15,Ajaccio,23.7,22.42646664136944
2022-10-16,Ajaccio,24.7,23.156998217673838
2022-10-17,Ajaccio,24.6,23.09365590223765
2022-10-18,Ajaccio,23.4,23.489925472502698
2022-10-19,Ajaccio,23.0,23.41138480542685
2022-10-20,Ajaccio,26.7,22.70403133358581
2022-10-21,Ajaccio,27.2,22.51900417518372
2022-10-22,Ajaccio,30.5,24.12656465962741
2022-10-23,Ajaccio,28.3,24.250693326582876
2022-10-24,Ajaccio,25.6,25.722141695947116
2022-10-25,Ajaccio,28.4,24.576892700613396
2022-10-26,Ajaccio,25.4,23.214413860835954
2022-10-27,Ajaccio,22.9,24.4141138849354
2022-10-28,Ajaccio,23.2,22.983157866217677
2022-10-29,Ajaccio,23.4,21.714989614240515
2022-10-30,Ajaccio,22.9,21.722414110631867
2022-10-31,Ajaccio,22.8,21.67634996384948
2022-11-01,Ajaccio,21.2,21.34338109451935
2022-11-02,Ajaccio,24.3,21.211978655695358
2022-11-03,Ajaccio,19.1,20.445956229175263
2022-11-04,Ajaccio,19.2,21.781595083839928
2022-11-05,Ajaccio,20.1,19.23571540945514
2022-11-06,Ajaccio,22.3,19.137941873283065
2022-11-07,Ajaccio,21.8,19.429433049177963
2022-11-08,Ajaccio,21.9,20.47474929789791
2022-11-09,Ajaccio,22.0,20.158574469050208
2022-11-10,Ajaccio,22.6,20.120836103604805
2022-11-11,Ajaccio,19.3,20.17603684963327
2022-11-12,Ajaccio,18.3,20.377257296836557
2022-11-13,Ajaccio,19.6,18.7159715316075
2022-11-14,Ajaccio,17.3,18.120138960811452
2022-11-15,Ajaccio,19.2,18.60689722864691
2022-11-16,Ajaccio,20.6,17.488276911480252
2022-11-17,Ajaccio,17.7,18.31588792952961
2022-11-18,Ajaccio,15.2,18.868643057171663
2022-11-19,Ajaccio,17.1,17.518639032755125
2022-11-20,Ajaccio,16.5,16.151569203102667
2022-11-21,Ajaccio,14.6,16.954676088839093
2022-11-22,Ajaccio,16.4,16.630716966575573
2022-11-23,Ajaccio,16.9,15.718475985786622
2022-11-24,Ajaccio,14.7,16.54553682194214
2022-11-25,Ajaccio,18.0,16.551604902689267
2022-11-26,Ajaccio,16.0,15.466973716629939
2022-11-27,Ajaccio,14.6,16.92129388890158
2022-11-28,Ajaccio,13.0,15.829547808656274
2022-11-29,Ajaccio,14.4,15.129616285195542
2022-11-30,Ajaccio,13.9,14.40529688138865
2022-12-01,Ajaccio,15.2,14.931294194482529
2022-12-02,Ajaccio,18.1,14.632329892339493
2022-12-03,Ajaccio,14.8,15.185295203163095
2022-12-04,Ajaccio,16.2,16.520381824262042
2022-12-05,Ajaccio,17.8,14.904610419217484
2022-12-06,Ajaccio,16.1,15.531542109378547
2022-12-07,Ajaccio,15.1,16.14722639731834
2022-12-08,Ajaccio,16.0,15.332892515619244
2022-12-09,Ajaccio,15.2,14.793156422319875
2022-12-10,Ajaccio,12.9,15.241362701740005
2022-12-11,Ajaccio,13.8,14.82506421536678
2022-12-12,Ajaccio,14.9,13.569607304102746
2022-12-13,Ajaccio,16.4,13.839877563327153
2022-12-14,Ajaccio,15.2,14.458415547253853
2022-12-15,Ajaccio,14.5,15.193852930653087
2022-12-16,Ajaccio,15.0,14.503511138365836
2022-12-17,Ajaccio,15.5,14.154979723208307
2022-12-18,Ajaccio,15.4,14.233505274901045
2022-12-19,Ajaccio,15.6,14.412555742029848
2022-12-20,Ajaccio,15.2,14.304675037649403
2022-12-21,Ajaccio,16.9,14.362723549298074
2022-12-22,Ajaccio,19.2,14.144135053456322
2022-12-23,Ajaccio,18.2,15.031423882350255
2022-12-24,Ajaccio,17.9,16.064485336868188
2022-12-25,Ajaccio,19.6,15.534282964877855
2022-12-26,Ajaccio,17.5,15.3234146395141
2022-12-27,Ajaccio,16.2,16.031238335917834
2022-12-28,Ajaccio,17.3,15.02008803980199
2022-12-29,Ajaccio,16.2,14.37519607412436
2022-12-30,Ajaccio,17.3,14.857136871233184
2022-10-01,Besançon,18.4,15.89101424266687
2022-10-02,Besançon,16.6,15.414972676800206
2022-10-03,Besançon,18.0,17.32454350615062
2022-10-04,Besançon,21.6,16.714419457718503
2022-10-05,Besançon,17.8,17.631328232589162
2022-10-06,Besançon,19.6,19.050225675758607
2022-10-07,Besançon,16.7,16.71818035713547
2022-10-08,Besançon,18.3,18.017362584395155
2022-10-09,Besançon,21.2,16.148937935327744
2022-10-10,Besançon,18.2,17.174543005304148
2022-10-11,Besançon,17.4,18.06048574630338
2022-10-12,Besançon,16.8,16.575760966486424
2022-10-13,Besançon,15.4,16.127372921559456
2022-10-14,Besançon,19.2,15.856710509143975
2022-10-15,Besançon,23.1,14.519601568319768
2022-10-16,Besançon,22.7,16.239598992180373
2022-10-17,Besançon,22.1,18.11023522528344
2022-10-18,Besançon,21.5,18.086398625558196
2022-10-19,Besançon,21.2,17.446942026608323
2022-10-20,Besançon,18.4,17.519943592394206
2022-10-21,Besançon,20.1,16.81199873400677
2022-10-22,Besançon,23.9,15.137245093871933
2022-10-23,Besançon,18.1,16.06932794002237
2022-10-24,Besançon,20.4,17.94243542493981
2022-10-25,Besançon,20.5,14.905643751857468
2022-10-26,Besançon,23.6,16.467812596427667
2022-10-27,Besançon,24.9,16.06292998644231
2022-10-28,Besançon,23.5,17.487525013999928
2022-10-29,Besançon,22.2,17.9988487968056
2022-10-30,Besançon,20.9,17.050989653461578
2022-10-31,Besançon,15.6,16.719851120623975
2022-11-01,Besançon,15.2,15.649816855184602
2022-11-02,Besançon,17.0,13.027533896213487
2022-11-03,Besançon,10.1,13.066369372966236
2022-11-04,Besançon,9.1,14.005267114483495
2022-11-05,Besançon,11.5,10.251846439935292
2022-11-06,Besançon,15.5,9.883406348165842
2022-11-07,Besançon,18.4,11.289123148599757
2022-11-08,Besançon,14.4,12.596497485632224
2022-11-09,Besançon,14.1,14.126188712127039
2022-11-10,Besançon,13.2,11.685808728199085
2022-11-11,Besançon,14.2,11.950365845776222
2022-11-12,Besançon,9.4,11.724112913500708
2022-11-13,Besançon,15.4,11.850981003524943
2022-11-14,Besançon,14.8,9.429923423070468
2022-11-15,Besançon,12.7,12.19167530699417
2022-11-16,Besançon,12.4,11.311583174922044
2022-11-17,Besançon,8.7,10.339860873033789
2022-11-18,Besançon,7.8,10.009204354662746
2022-11-19,Besançon,7.8,8.426815435662347
2022-11-20,Besançon,10.1,8.044970990073303
2022-11-21,Besançon,7.3,8.032234753784927
2022-11-22,Besançon,10.7,8.933529327860366
2022-11-23,Besançon,9.9,7.518486817138754
2022-11-24,Besançon,10.1,9.474574105701224
2022-11-25,Besançon,8.6,8.455108153398612
2022-11-26,Besançon,11.0,8.667475126581992
2022-11-27,Besançon,9.3,8.186265646238297
2022-11-28,Besançon,7.4,9.533483245737996
2022-11-29,Besançon,7.8,7.9324177978320485
2022-11-30,Besançon,5.3,7.045346634896553
2022-12-01,Besançon,5.9,7.154678654087128
2022-12-02,Besançon,6.7,5.997832038738943
2022-12-03,Besançon,5.1,6.369883569347918
2022-12-04,Besançon,5.2,6.893658511384892
2022-12-05,Besançon,4.6,5.972227544149796
2022-12-06,Besançon,4.8,6.117025625775241
2022-12-07,Besançon,3.0,5.812878185104983
2022-12-08,Besançon,2.2,5.905793620120029
2022-12-09,Besançon,0.6,5.032081749121909
2022-12-10,Besançon,0.2,4.2811387806869465
2022-12-11,Besançon,1.1,3.46500010407836
2022-12-12,Besançon,2.3,3.7984074154954826
2022-12-13,Besançon,5.4,4.103353700814875
2022-12-14,Besançon,5.8,4.50519999481919
2022-12-15,Besançon,0.6,5.521050549785588
2022-12-16,Besançon,1.6,5.914227764372651
2022-12-17,Besançon,7.8,3.485820483229679
2022-12-18,Besançon,13.6,4.182456011598704
2022-12-19,Besançon,14.9,7.540586184214225
2022-12-20,Besançon,11.6,9.381084755747198
2022-12-21,Besançon,10.9,9.233176408291433
2022-12-22,Besançon,12.4,7.480554522523084
2022-12-23,Besançon,10.9,7.080128016182583
2022-12-24,Besançon,14.1,7.662962534030081
2022-12-25,Besançon,12.4,7.212984220267188
2022-12-26,Besançon,7.8,9.357136698608398
2022-12-27,Besançon,12.1,7.9798759715851
2022-12-28,Besançon,11.9,6.131133199435379
2022-12-29,Besançon,14.1,8.415370473790782
2022-12-30,Besançon,18.2,7.5882454996787345
2022-10-01,Bordeaux,21.9,20.424426611150007
2022-10-02,Bordeaux,23.1,20.99029812190374
2022-10-03,Bordeaux,23.7,22.098921512999265
2022-10-04,Bordeaux,26.2,22.284397883774005
2022-10-05,Bordeaux,19.8,22.39289879693207
2022-10-06,Bordeaux,24.7,23.572587752631513
2022-10-07,Bordeaux,22.8,20.86311985931524
2022-10-08,Bordeaux,26.0,22.772663991755792
2022-10-09,Bordeaux,22.6,21.974146745985223
2022-10-10,Bordeaux,19.4,23.092918720040455
2022-10-11,Bordeaux,20.0,21.794793588204378
2022-10-12,Bordeaux,19.2,20.37421073219168
2022-10-13,Bordeaux,21.0,20.410698658026895
2022-10-14,Bordeaux,24.0,19.881604632021254
2022-10-15,Bordeaux,28.8,20.93860651899497
2022-10-16,Bordeaux,25.0,22.068293763712486
2022-10-17,Bordeaux,28.5,24.265052170962438
2022-10-18,Bordeaux,29.4,22.656640562577476
2022-10-19,Bordeaux,24.8,24.120906616296843
2022-10-20,Bordeaux,22.9,24.48314825959546
2022-10-21,Bordeaux,24.4,22.08360573888867
2022-10-22,Bordeaux,25.3,21.264620363703976
2022-10-23,Bordeaux,22.0,21.613155371634708
2022-10-24,Bordeaux,24.0,22.258285536942978
2022-10-25,Bordeaux,25.5,20.27931915656149
2022-10-26,Bordeaux,27.0,21.023438924398256
2022-10-27,Bordeaux,25.9,21.68540004817088
2022-10-28,Bordeaux,25.2,22.78124792834663
2022-10-29,Bordeaux,20.3,22.210564243733344
2022-10-30,Bordeaux,20.0,21.566944249243562
2022-10-31,Bordeaux,18.3,19.116196114053157
2022-11-01,Bordeaux,18.9,18.954654543579775
2022-11-02,Bordeaux,19.0,17.764103008037285
2022-11-03,Bordeaux,15.5,18.00578078713289
2022-11-04,Bordeaux,16.5,18.04447399534297
2022-11-05,Bordeaux,17.0,16.110822159580984
2022-11-06,Bordeaux,19.6,16.310848301202444
2022-11-07,Bordeaux,20.6,16.459221943008348
2022-11-08,Bordeaux,14.9,17.819410951749653
2022-11-09,Bordeaux,15.4,18.414267108682004
2022-11-10,Bordeaux,18.1,15.459107970845707
2022-11-11,Bordeaux,20.9,15.397900721948385
2022-11-12,Bordeaux,20.1,16.502553254383614
2022-11-13,Bordeaux,14.9,18.207180570746097
2022-11-14,Bordeaux,16.5,17.465698715415215
2022-11-15,Bordeaux,18.0,15.332205653573213
2022-11-16,Bordeaux,15.5,15.987944958680192
2022-11-17,Bordeaux,12.6,16.55933880679885
2022-11-18,Bordeaux,11.9,15.352925122063063
2022-11-19,Bordeaux,14.6,13.70620583743401
2022-11-20,Bordeaux,14.9,13.013742356323315
2022-11-21,Bordeaux,11.8,14.195343402127726
2022-11-22,Bordeaux,15.2,14.556687372964483
2022-11-23,Bordeaux,14.9,13.146424165241775
2022-11-24,Bordeaux,13.1,14.774609178056682
2022-11-25,Bordeaux,12.1,14.416404147707738
2022-11-26,Bordeaux,13.5,13.32784424167575
2022-11-27,Bordeaux,12.8,12.658415483553817
2022-11-28,Bordeaux,12.4,13.244595218843482
2022-11-29,Bordeaux,9.4,13.134710048722924
2022-11-30,Bordeaux,10.3,12.585121576031321
2022-12-01,Bordeaux,8.4,10.994913989466397
2022-12-02,Bordeaux,8.0,11.452128137795011
2022-12-03,Bordeaux,9.4,10.69865143873185
2022-12-04,Bordeaux,10.4,10.223641660699133
2022-12-05,Bordeaux,10.4,10.544464373195886
2022-12-06,Bordeaux,7.2,11.070681947443969
2022-12-07,Bordeaux,8.1,11.261741013261167
2022-12-08,Bordeaux,7.4,9.46835272657652
2022-12-09,Bordeaux,4.4,9.711084286528505
2022-12-10,Bordeaux,4.8,9.501673120716319
2022-12-11,Bordeaux,2.9,7.720381639185316
2022-12-12,Bordeaux,8.9,7.833676915597888
2022-12-13,Bordeaux,15.8,6.899502266851419
2022-12-14,Bordeaux,11.2,9.912475031475935
2022-12-15,Bordeaux,6.6,13.601343785862625
2022-12-16,Bordeaux,6.4,11.533982887416048
2022-12-17,Bordeaux,11.6,8.650999608030205
2022-12-18,Bordeaux,15.6,8.099749173366998
2022-12-19,Bordeaux,14.4,10.962708150921689
2022-12-20,Bordeaux,16.5,13.411332016364943
2022-12-21,Bordeaux,16.0,13.001532955966844
2022-12-22,Bordeaux,16.8,13.907256407926461
2022-12-23,Bordeaux,17.2,13.974344473061851
2022-12-24,Bordeaux,17.5,14.34165316914995
2022-12-25,Bordeaux,13.4,14.168353994648431
2022-12-26,Bordeaux,13.1,14.244081076490113
2022-12-27,Bordeaux,15.6,12.172115117016823
2022-12-28,Bordeaux,13.1,11.891409897638992
2022-12-29,Bordeaux,17.2,13.005239572253059
2022-12-30,Bordeaux,19.6,12.247657720308439
2022-10-01,Clermont-Ferrand,20.7,16.661106677776655
2022-10-02,Clermont-Ferrand,17.6,18.508327160501306
2022-10-03,Clermont-Ferrand,20.6,19.280027078755904
2022-10-04,Clermont-Ferrand,25.6,17.983661164379132
2022-10-05,Clermont-Ferrand,15.7,19.11213468256548
2022-10-06,Clermont-Ferrand,21.0,20.94438073884665
2022-10-07,Clermont-Ferrand,16.7,16.839875651770267
2022-10-08,Clermont-Ferrand,20.0,18.85689223845272
2022-10-09,Clermont-Ferrand,22.8,17.072999061436157
2022-10-10,Clermont-Ferrand,17.6,18.374706248359175
2022-10-11,Clermont-Ferrand,19.7,19.24621873272265
2022-10-12,Clermont-Ferrand,17.8,17.053043907539674
2022-10-13,Clermont-Ferrand,18.5,17.793564183713258
2022-10-14,Clermont-Ferrand,21.7,16.92444804523876
2022-10-15,Clermont-Ferrand,24.6,17.01370042371769
2022-10-16,Clermont-Ferrand,22.9,18.157080347408584
2022-10-17,Clermont-Ferrand,24.5,19.14858271310748
2022-10-18,Clermont-Ferrand,26.3,18.375727012683544
2022-10-19,Clermont-Ferrand,22.3,18.957487591151942
2022-10-20,Clermont-Ferrand,21.0,19.5248043898065
2022-10-21,Clermont-Ferrand,21.2,17.775081775924342
2022-10-22,Clermont-Ferrand,25.0,17.181025046525118
2022-10-23,Clermont-Ferrand,20.5,17.23131800491616
2022-10-24,Clermont-Ferrand,20.1,18.5563791003692
2022-10-25,Clermont-Ferrand,21.8,16.71766247345416
2022-10-26,Clermont-Ferrand,23.5,16.545231245252054
2022-10-27,Clermont-Ferrand,27.1,16.998122009703817
2022-10-28,Clermont-Ferrand,25.4,17.56199253310984
2022-10-29,Clermont-Ferrand,23.4,18.768685318425483
2022-10-30,Clermont-Ferrand,22.1,18.00865359815791
2022-10-31,Clermont-Ferrand,17.5,17.182833075793514
2022-11-01,Clermont-Ferrand,16.0,16.582495121765824
2022-11-02,Clermont-Ferrand,17.4,14.747163673869842
2022-11-03,Clermont-Ferrand,9.6,14.049590955243943
2022-11-04,Clermont-Ferrand,10.5,14.537627199095326
2022-11-05,Clermont-Ferrand,16.6,11.37859901216946
2022-11-06,Clermont-Ferrand,17.1,11.744641208516992
2022-11-07,Clermont-Ferrand,19.5,14.01153517694407
2022-11-08,Clermont-Ferrand,13.8,13.994251742919683
2022-11-09,Clermont-Ferrand,12.6,14.799675642843006
2022-11-10,Clermont-Ferrand,16.7,12.402295411839113
2022-11-11,Clermont-Ferrand,18.2,11.984864419539617
2022-11-12,Clermont-Ferrand,18.1,13.497006695387686
2022-11-13,Clermont-Ferrand,16.6,13.902675194196142
2022-11-14,Clermont-Ferrand,15.6,13.791450728270581
2022-11-15,Clermont-Ferrand,14.2,13.087921535484362
2022-11-16,Clermont-Ferrand,14.8,12.572519692606903
2022-11-17,Clermont-Ferrand,11.1,11.979843139094456
2022-11-18,Clermont-Ferrand,8.1,12.07021379196765
2022-11-19,Clermont-Ferrand,10.1,10.6845741225159
2022-11-20,Clermont-Ferrand,9.1,9.444877123414447
2022-11-21,Clermont-Ferrand,8.8,10.184635735699933
2022-11-22,Clermont-Ferrand,12.6,9.637591276849111
2022-11-23,Clermont-Ferrand,12.8,9.438205391556506
2022-11-24,Clermont-Ferrand,10.4,10.756809827958342
2022-11-25,Clermont-Ferrand,8.1,10.769177075637062
2022-11-26,Clermont-Ferrand,12.6,9.788668456698957
2022-11-27,Clermont-Ferrand,10.1,8.846381380107761
2022-11-28,Clermont-Ferrand,7.4,10.508498869450491
2022-11-29,Clermont-Ferrand,5.4,9.401381167060526
2022-11-30,Clermont-Ferrand,5.2,8.324181318373277
2022-12-01,Clermont-Ferrand,3.1,7.434628031921566
2022-12-02,Clermont-Ferrand,4.2,7.295623913975794
2022-12-03,Clermont-Ferrand,4.7,6.421911273246145
2022-12-04,Clermont-Ferrand,5.5,6.809278179243231
2022-12-05,Clermont-Ferrand,4.5,6.92179731220023
2022-12-06,Clermont-Ferrand,1.2,7.251415708101739
2022-12-07,Clermont-Ferrand,3.5,6.830785331620461
2022-12-08,Clermont-Ferrand,1.0,5.412106342085618
2022-12-09,Clermont-Ferrand,-0.2,6.315975796045258
2022-12-10,Clermont-Ferrand,2.2,5.195423259192779
2022-12-11,Clermont-Ferrand,3.3,4.765606650113288
2022-12-12,Clermont-Ferrand,3.2,5.714071881077217
2022-12-13,Clermont-Ferrand,11.4,6.082877264984674
2022-12-14,Clermont-Ferrand,4.1,5.8564164394289335
2022-12-15,Clermont-Ferrand,2.2,8.96434602893337
2022-12-16,Clermont-Ferrand,1.2,6.043384848501864
2022-12-17,Clermont-Ferrand,10.6,5.40177444765615
2022-12-18,Clermont-Ferrand,12.9,5.024603102425186
2022-12-19,Clermont-Ferrand,14.2,8.606742333115744
2022-12-20,Clermont-Ferrand,12.8,9.200873944051871
2022-12-21,Clermont-Ferrand,13.6,9.57186948176111
2022-12-22,Clermont-Ferrand,13.9,9.035150708151434
2022-12-23,Clermont-Ferrand,13.6,9.297332310687109
2022-12-24,Clermont-Ferrand,16.1,9.30525530529722
2022-12-25,Clermont-Ferrand,11.2,9.270666297698355
2022-12-26,Clermont-Ferrand,9.8,10.223011942290084
2022-12-27,Clermont-Ferrand,13.1,8.272968156425184
2022-12-28,Clermont-Ferrand,11.2,7.7888558338161165
2022-12-29,Clermont-Ferrand,13.6,9.063822843782598
2022-12-30,Clermont-Ferrand,17.1,8.19205827258683
2022-10-01,Dijon,19.0,16.328592272971584
2022-10-02,Dijon,15.9,16.15581699446904
2022-10-03,Dijon,18.3,18.04548962855429
2022-10-04,Dijon,20.9,16.52879904960639
2022-10-05,Dijon,17.4,18.022983128501934
2022-10-06,Dijon,19.2,19.175772551474267
2022-10-07,Dijon,17.1,16.86858209431951
2022-10-08,Dijon,17.5,18.039787186837973
2022-10-09,Dijon,19.8,16.709397052223654
2022-10-10,Dijon,18.8,17.02968258095122
2022-10-11,Dijon,16.9,18.036562217582148
2022-10-12,Dijon,15.8,17.116906521131554
2022-10-13,Dijon,16.0,16.13941248748788
2022-10-14,Dijon,18.0,15.364181919953863
2022-10-15,Dijon,22.2,15.258115975674178
2022-10-16,Dijon,21.6,15.951560481285775
2022-10-17,Dijon,21.5,18.339703027220732
2022-10-18,Dijon,20.2,17.71639788701181
2022-10-19,Dijon,19.7,17.854668344310834
2022-10-20,Dijon,19.8,17.11669926812489
2022-10-21,Dijon,20.0,16.360338846995997
2022-10-22,Dijon,21.7,16.347533588423317
2022-10-23,Dijon,19.5,16.50626847280449
2022-10-24,Dijon,18.3,17.466494477390956
2022-10-25,Dijon,20.8,16.272676176353816
2022-10-26,Dijon,20.1,15.592331569727545
2022-10-27,Dijon,22.9,16.59826896196084
2022-10-28,Dijon,20.9,16.33314727577247
2022-10-29,Dijon,21.0,17.34885607920889
2022-10-30,Dijon,19.2,16.3000316385869
2022-10-31,Dijon,15.4,16.42804112339866
2022-11-01,Dijon,15.1,15.586064592574777
2022-11-02,Dijon,14.3,13.32947643852453
2022-11-03,Dijon,8.9,13.268870365622515
2022-11-04,Dijon,10.6,12.815697043001132
2022-11-05,Dijon,10.2,9.767624025625693
2022-11-06,Dijon,15.2,10.871969351626555
2022-11-07,Dijon,16.5,10.685124385205732
2022-11-08,Dijon,13.2,12.92876812595876
2022-11-09,Dijon,12.2,13.561024426877294
2022-11-10,Dijon,10.1,11.545929062810288
2022-11-11,Dijon,11.2,11.229168974720833
2022-11-12,Dijon,9.8,10.07129492242646
2022-11-13,Dijon,14.8,10.35416411962395
2022-11-14,Dijon,12.9,9.78657286368791
2022-11-15,Dijon,13.2,12.509772769194035
2022-11-16,Dijon,13.4,10.846240752638051
2022-11-17,Dijon,9.8,11.09913520118602
2022-11-18,Dijon,8.4,10.91894023422241
2022-11-19,Dijon,8.1,9.40865410350579
2022-11-20,Dijon,8.5,8.668474827695857
2022-11-21,Dijon,9.1,8.277108892367512
2022-11-22,Dijon,9.6,8.37012231654784
2022-11-23,Dijon,11.2,8.743600500861534
2022-11-24,Dijon,10.1,9.104822280748785
2022-11-25,Dijon,7.0,9.509944067751698
2022-11-26,Dijon,7.9,8.817137646549234
2022-11-27,Dijon,8.8,7.309832933968288
2022-11-28,Dijon,7.7,7.719266355705518
2022-11-29,Dijon,7.3,8.045853020293581
2022-11-30,Dijon,5.8,7.326621078684232
2022-12-01,Dijon,4.9,7.018337945023529
2022-12-02,Dijon,5.1,6.279571829679323
2022-12-03,Dijon,3.3,5.854211605554703
2022-12-04,Dijon,5.1,6.061903923871807
2022-12-05,Dijon,4.6,4.960938379872321
2022-12-06,Dijon,4.8,5.954476260853939
2022-12-07,Dijon,2.5,5.6621683515153975
2022-12-08,Dijon,2.0,5.570588830795357
2022-12-09,Dijon,0.3,4.502867397544428
2022-12-10,Dijon,-1.1,4.267570624540596
2022-12-11,Dijon,-1.1,3.4622955202769514
2022-12-12,Dijon,-0.6,2.846111864833901
2022-12-13,Dijon,4.8,2.88242053579836
2022-12-14,Dijon,2.0,3.0190432366088213
2022-12-15,Dijon,1.6,5.582819570536266
2022-12-16,Dijon,1.1,3.869661280504726
2022-12-17,Dijon,4.5,3.9952078754301823
2022-12-18,Dijon,11.3,3.8354633237268505
2022-12-19,Dijon,13.0,5.810738967290673
2022-12-20,Dijon,11.9,8.297266235301052
2022-12-21,Dijon,11.5,8.753649795555368
2022-12-22,Dijon,13.4,8.088562811327403
2022-12-23,Dijon,11.2,7.803197424210927
2022-12-24,Dijon,11.8,8.606955961416347
2022-12-25,Dijon,10.9,7.74641451097348
2022-12-26,Dijon,8.4,8.10533010722909
2022-12-27,Dijon,9.5,7.6437782992412995
2022-12-28,Dijon,11.4,6.8216050701130175
2022-12-29,Dijon,10.9,7.15817216133507
2022-12-30,Dijon,14.2,7.698646260929408
2022-10-01,Lille,16.2,19.36531467313366
2022-10-02,Lille,15.9,18.273959283421725
2022-10-03,Lille,18.0,17.62699561166557
2022-10-04,Lille,19.2,17.954237301989092
2022-10-05,Lille,17.1,18.49431370009375
2022-10-06,Lille,17.9,17.949725938908987
2022-10-07,Lille,15.6,17.675330785124512
2022-10-08,Lille,17.8,17.994661212335124
2022-10-09,Lille,17.5,17.222662460669717
2022-10-10,Lille,15.2,18.290119709197395
2022-10-11,Lille,16.4,17.840483515566135
2022-10-12,Lille,14.5,17.29999180147095
2022-10-13,Lille,16.3,18.03103470639517
2022-10-14,Lille,17.9,15.231618686238644
2022-10-15,Lille,17.9,15.94305766675351
2022-10-16,Lille,18.6,16.56400761509801
2022-10-17,Lille,19.0,16.40382353434228
2022-10-18,Lille,19.2,16.501802415683876
2022-10-19,Lille,19.9,16.71586921204078
2022-10-20,Lille,20.6,17.14931779905474
2022-10-21,Lille,18.6,16.705243649078984
2022-10-22,Lille,20.0,16.62906094528503
2022-10-23,Lille,17.6,15.816947331728208
2022-10-24,Lille,17.4,16.231515339615346
2022-10-25,Lille,20.1,15.161500538695577
2022-10-26,Lille,22.1,15.395501128889395
2022-10-27,Lille,21.6,16.185080893490504
2022-10-28,Lille,21.8,16.832840833446152
2022-10-29,Lille,18.1,16.796502774769053
2022-10-30,Lille,17.9,16.689580375220494
2022-10-31,Lille,17.0,15.149866314623171
2022-11-01,Lille,14.2,15.40496186115243
2022-11-02,Lille,15.1,14.434262199089922
2022-11-03,Lille,11.8,13.379835100498147
2022-11-04,Lille,11.3,13.90092720680206
2022-11-05,Lille,11.1,12.757021550768211
2022-11-06,Lille,15.2,12.801383119818261
2022-11-07,Lille,16.4,11.704122656776162
2022-11-08,Lille,14.1,13.266703533877855
2022-11-09,Lille,15.0,13.519501219743288
2022-11-10,Lille,12.4,12.597977639649525
2022-11-11,Lille,14.2,13.239199770383241
2022-11-12,Lille,12.9,12.241532194300055
2022-11-13,Lille,10.6,13.097220590370139
2022-11-14,Lille,11.8,12.959441417723959
2022-11-15,Lille,11.4,12.00274332524279
2022-11-16,Lille,12.1,11.505486341972198
2022-11-17,Lille,11.4,11.312125486344154
2022-11-18,Lille,10.2,11.248822201592178
2022-11-19,Lille,9.5,11.46368301761746
2022-11-20,Lille,8.4,11.105045214788365
2022-11-21,Lille,9.3,10.721586613265876
2022-11-22,Lille,9.5,10.41000665413495
2022-11-23,Lille,11.1,10.306174232103572
2022-11-24,Lille,11.7,10.409745404911899
2022-11-25,Lille,10.4,10.508078976744251
2022-11-26,Lille,9.2,11.201011609102519
2022-11-27,Lille,10.7,10.649305126340703
2022-11-28,Lille,6.4,9.563099958524699
2022-11-29,Lille,7.0,10.646632433490247
2022-11-30,Lille,5.8,8.994392490252118
2022-12-01,Lille,4.1,9.054065338412382
2022-12-02,Lille,3.2,8.804931082512763
2022-12-03,Lille,1.9,8.389158189881137
2022-12-04,Lille,4.2,7.52300881903418
2022-12-05,Lille,6.3,7.019433564718819
2022-12-06,Lille,6.3,7.814702624456158
2022-12-07,Lille,4.1,8.44345898015124
2022-12-08,Lille,2.4,8.531182260239072
2022-12-09,Lille,3.4,8.1295036597962
2022-12-10,Lille,1.1,7.645358279974756
2022-12-11,Lille,0.2,7.550143689658714
2022-12-12,Lille,0.1,6.623418794536519
2022-12-13,Lille,0.2,6.543655544212019
2022-12-14,Lille,1.7,6.613852789895564
2022-12-15,Lille,3.3,6.524196186525916
2022-12-16,Lille,-2.0,7.339631623785028
2022-12-17,Lille,3.7,7.795186397576366
2022-12-18,Lille,9.4,5.444187300999564
2022-12-19,Lille,10.8,8.007028491279717
2022-12-20,Lille,9.4,8.732257845267604
2022-12-21,Lille,10.9,8.619536144617841
2022-12-22,Lille,13.1,8.34666037916464
2022-12-23,Lille,11.4,8.53392300878696
2022-12-24,Lille,10.2,9.27138045506696
2022-12-25,Lille,10.0,8.44179346590325
2022-12-26,Lille,7.9,8.130133765078856
2022-12-27,Lille,11.1,8.639778339680738
2022-12-28,Lille,11.2,7.692390835319456
2022-12-29,Lille,13.1,8.48326092979167
2022-12-30,Lille,16.5,8.630049683653898
2022-10-01,Limoges,20.1,17.74465344530999
2022-10-02,Limoges,20.6,19.323784531067815
2022-10-03,Limoges,20.9,19.769231987905037
2022-10-04,Limoges,23.0,20.015436079800885
2022-10-05,Limoges,18.1,20.116698926444574
2022-10-06,Limoges,21.2,20.866661562641358
2022-10-07,Limoges,19.0,18.445795439033457
2022-10-08,Limoges,21.8,19.8251706041941
2022-10-09,Limoges,21.5,18.730322166338215
2022-10-10,Limoges,17.6,20.032240250065712
2022-10-11,Limoges,19.2,19.63173735082189
2022-10-12,Limoges,15.4,17.720036210319943
2022-10-13,Limoges,18.2,18.450209433571416
2022-10-14,Limoges,19.6,16.614009803507344
2022-10-15,Limoges,24.5,17.64910994177234
2022-10-16,Limoges,21.7,18.197943992266104
2022-10-17,Limoges,25.6,20.365392552289904
2022-10-18,Limoges,25.2,18.89942204116159
2022-10-19,Limoges,22.9,20.663550684281006
2022-10-20,Limoges,20.8,20.367228006583616
2022-10-21,Limoges,21.7,19.179926808281515
2022-10-22,Limoges,22.6,18.19070467321705
2022-10-23,Limoges,19.0,18.54194896046276
2022-10-24,Limoges,21.7,18.74357910312348
2022-10-25,Limoges,22.9,17.143190704877412
2022-10-26,Limoges,24.8,18.36397154187839
2022-10-27,Limoges,25.1,18.736787425395118
2022-10-28,Limoges,24.8,19.383050378601748
2022-10-29,Limoges,20.1,19.325534104766763
2022-10-30,Limoges,22.4,19.167526189650257
2022-10-31,Limoges,16.0,17.000271672929944
2022-11-01,Limoges,15.9,17.984065651143734
2022-11-02,Limoges,14.7,15.084574760141152
2022-11-03,Limoges,11.4,14.959858356390882
2022-11-04,Limoges,11.6,14.329932217402565
2022-11-05,Limoges,12.6,12.851295459326735
2022-11-06,Limoges,16.6,13.005156089885881
2022-11-07,Limoges,18.8,13.288610069403846
2022-11-08,Limoges,14.2,14.793098832303594
2022-11-09,Limoges,13.1,15.669254623189875
2022-11-10,Limoges,19.8,13.546804757545083
2022-11-11,Limoges,20.0,13.106933047080329
2022-11-12,Limoges,19.2,16.107212927779067
2022-11-13,Limoges,14.5,15.956287597219655
2022-11-14,Limoges,13.8,15.622471458474521
2022-11-15,Limoges,13.6,13.251778462700974
2022-11-16,Limoges,12.6,12.84877097972235
2022-11-17,Limoges,11.1,12.694992358108166
2022-11-18,Limoges,8.8,12.193369452406401
2022-11-19,Limoges,8.1,11.544217641404753
2022-11-20,Limoges,9.7,10.507310892378772
2022-11-21,Limoges,8.9,10.168869607155818
2022-11-22,Limoges,11.6,10.708782754302023
2022-11-23,Limoges,11.1,10.223456826822844
2022-11-24,Limoges,11.2,11.301149798126803
2022-11-25,Limoges,10.4,11.014892437967347
2022-11-26,Limoges,12.4,11.09034574901479
2022-11-27,Limoges,10.6,10.719209004339469
2022-11-28,Limoges,7.8,11.501550750833669
2022-11-29,Limoges,8.5,10.516116209433765
2022-11-30,Limoges,7.2,9.281562468166054
2022-12-01,Limoges,5.5,9.590198243973934
2022-12-02,Limoges,8.6,8.82672298640578
2022-12-03,Limoges,6.4,8.004988060140079
2022-12-04,Limoges,7.6,9.440145472048295
2022-12-05,Limoges,8.1,8.355931470314111
2022-12-06,Limoges,4.9,8.929163931044126
2022-12-07,Limoges,7.0,9.193972232430955
2022-12-08,Limoges,4.6,7.600327017571217
2022-12-09,Limoges,0.7,8.588604143877784
2022-12-10,Limoges,3.2,7.303118359375976
2022-12-11,Limoges,5.1,5.633582280573496
2022-12-12,Limoges,4.8,6.782045984974021
2022-12-13,Limoges,10.7,7.597933186030875
2022-12-14,Limoges,7.9,7.227262343272043
2022-12-15,Limoges,4.0,9.629907032540357
2022-12-16,Limoges,4.8,8.406637376346925
2022-12-17,Limoges,9.4,6.762333429337017
2022-12-18,Limoges,14.6,7.176301774632151
2022-12-19,Limoges,14.9,9.170887911311201
2022-12-20,Limoges,11.9,11.16464661013042
2022-12-21,Limoges,12.8,11.141649872338016
2022-12-22,Limoges,13.6,9.759442989744171
2022-12-23,Limoges,13.2,10.103473521166137
2022-12-24,Limoges,14.8,10.380073894408097
2022-12-25,Limoges,10.9,10.243340679208632
2022-12-26,Limoges,10.0,10.985041496554386
2022-12-27,Limoges,12.5,9.209572215660963
2022-12-28,Limoges,10.6,8.815918517268628
2022-12-29,Limoges,12.5,9.880230309127043
2022-12-30,Limoges,15.6,8.929816761594155
2022-10-01,Lyon,23.4,17.15847666662085
2022-10-02,Lyon,18.8,16.663807484887812
2022-10-03,Lyon,19.8,21.263058386088808
2022-10-04,Lyon,22.1,18.855628617350316
2022-10-05,Lyon,19.8,19.264824359772234
2022-10-06,Lyon,21.8,20.312933581641285
2022-10-07,Lyon,18.0,19.042245928716472
2022-10-08,Lyon,19.4,19.94420364419748
2022-10-09,Lyon,22.2,17.92335076251057
2022-10-10,Lyon,20.1,18.555096457407352
2022-10-11,Lyon,19.6,19.82230366549656
2022-10-12,Lyon,19.1,18.68022702662852
2022-10-13,Lyon,18.1,18.308175418481653
2022-10-14,Lyon,23.5,17.96223964548616
2022-10-15,Lyon,23.0,17.337643680395544
2022-10-16,Lyon,24.0,19.93804368257608
2022-10-17,Lyon,24.2,19.562467486495898
2022-10-18,Lyon,23.5,19.95061635667657
2022-10-19,Lyon,22.0,19.967908945413683
2022-10-20,Lyon,20.3,19.533289161227962
2022-10-21,Lyon,21.9,18.634794414894543
2022-10-22,Lyon,22.7,17.691053037569972
2022-10-23,Lyon,21.0,18.404725611819696
2022-10-24,Lyon,19.8,18.677255689870144
2022-10-25,Lyon,23.0,17.750731090696597
2022-10-26,Lyon,23.2,17.073318485404545
2022-10-27,Lyon,23.6,18.547079958710203
2022-10-28,Lyon,24.4,18.54054910536542
2022-10-29,Lyon,23.4,18.62968489178437
2022-10-30,Lyon,21.1,18.95321079111673
2022-10-31,Lyon,18.0,18.361196390294115
2022-11-01,Lyon,16.6,17.109841414691935
2022-11-02,Lyon,16.2,15.479663617189747
2022-11-03,Lyon,13.2,14.711294065066628
2022-11-04,Lyon,10.8,14.414927894394314
2022-11-05,Lyon,15.1,12.826163235284257
2022-11-06,Lyon,16.8,11.55449982243041
2022-11-07,Lyon,17.3,13.626800467550012
2022-11-08,Lyon,14.9,14.367373616400135
2022-11-09,Lyon,13.5,14.473734346998429
2022-11-10,Lyon,15.1,13.174550313154015
2022-11-11,Lyon,15.0,12.433933795654097
2022-11-12,Lyon,11.4,13.137392968146706
2022-11-13,Lyon,16.5,13.009274565458844
2022-11-14,Lyon,15.3,11.114979431476522
2022-11-15,Lyon,15.4,13.551808312482553
2022-11-16,Lyon,15.9,12.862755138594942
2022-11-17,Lyon,11.9,12.861640146465044
2022-11-18,Lyon,9.1,13.001512282980672
2022-11-19,Lyon,10.5,10.964456708106308
2022-11-20,Lyon,9.1,9.499105784590855
2022-11-21,Lyon,10.1,10.10057902514832
2022-11-22,Lyon,8.8,9.335966947908522
2022-11-23,Lyon,11.9,9.778231913226175
2022-11-24,Lyon,10.6,9.055282662125974
2022-11-25,Lyon,8.8,10.519494035782278
2022-11-26,Lyon,12.1,9.796621573038673
2022-11-27,Lyon,10.1,8.825615406221157
2022-11-28,Lyon,8.6,10.41741175497452
2022-11-29,Lyon,8.8,9.320493717853822
2022-11-30,Lyon,7.4,8.501261927288601
2022-12-01,Lyon,5.9,8.534462550781392
2022-12-02,Lyon,4.4,7.782385590534071
2022-12-03,Lyon,5.3,6.980858086029475
2022-12-04,Lyon,5.8,6.179958664118811
2022-12-05,Lyon,2.2,6.56018490469625
2022-12-06,Lyon,4.2,6.78108514681713
2022-12-07,Lyon,3.0,4.923366364645766
2022-12-08,Lyon,2.9,5.8512650944798565
2022-12-09,Lyon,2.0,5.219042402901808
2022-12-10,Lyon,0.1,5.097960124810562
2022-12-11,Lyon,-0.1,4.6232624285562025
2022-12-12,Lyon,4.3,3.6504002297028855
2022-12-13,Lyon,8.9,3.497469498060216
2022-12-14,Lyon,6.2,5.638869503620127
2022-12-15,Lyon,2.2,7.87112865889776
2022-12-16,Lyon,-0.2,6.465744245346549
2022-12-17,Lyon,10.0,4.45065574220585
2022-12-18,Lyon,14.0,3.246592661824721
2022-12-19,Lyon,13.9,8.308191916609157
2022-12-20,Lyon,15.0,10.180551792047554
2022-12-21,Lyon,13.6,10.056662376838002
2022-12-22,Lyon,14.4,10.593075634792411
2022-12-23,Lyon,14.3,9.873845057777782
2022-12-24,Lyon,14.7,10.232519601230019
2022-12-25,Lyon,13.7,10.171749495159819
2022-12-26,Lyon,9.1,10.346263917369246
2022-12-27,Lyon,10.9,9.814990168671173
2022-12-28,Lyon,13.2,7.549566547944249
2022-12-29,Lyon,11.8,8.435261490938341
2022-12-30,Lyon,16.5,9.504276632539112
2022-10-01,Marseille,22.1,21.230096831607494
2022-10-02,Marseille,23.0,21.514562054879825
2022-10-03,Marseille,20.6,22.644778481057617
2022-10-04,Marseille,21.4,22.889426506768324
2022-10-05,Marseille,21.5,21.9050017945714
2022-10-06,Marseille,21.9,22.112625557674967
2022-10-07,Marseille,21.0,22.05792339697134
2022-10-08,Marseille,20.6,22.113897914886184
2022-10-09,Marseille,20.7,21.68484572659406
2022-10-10,Marseille,21.5,21.440180813378337
2022-10-11,Marseille,22.5,21.38440606270024
2022-10-12,Marseille,22.0,21.584715918692787
2022-10-13,Marseille,22.7,21.863041574456247
2022-10-14,Marseille,22.6,21.58551008274534
2022-10-15,Marseille,22.5,21.7449296334695
2022-10-16,Marseille,23.5,21.614397177631986
2022-10-17,Marseille,22.1,21.472675865572988
2022-10-18,Marseille,21.8,21.749287127442994
2022-10-19,Marseille,21.2,21.138734621789364
2022-10-20,Marseille,22.6,20.92889546573625
2022-10-21,Marseille,23.0,20.60197387971545
2022-10-22,Marseille,24.5,21.025843084761135
2022-10-23,Marseille,22.3,21.081830089477094
2022-10-24,Marseille,22.8,21.538197686353566
2022-10-25,Marseille,23.2,20.622996776052616
2022-10-26,Marseille,23.5,20.716494983397514
2022-10-27,Marseille,22.4,20.764948285878667
2022-10-28,Marseille,23.1,20.785614260429796
2022-10-29,Marseille,22.4,20.283652183328236
2022-10-30,Marseille,21.2,20.447867629294024
2022-10-31,Marseille,21.5,20.085037215761037
2022-11-01,Marseille,19.9,19.540287061588938
2022-11-02,Marseille,18.7,19.556239667020098
2022-11-03,Marseille,16.2,18.8736237523787
2022-11-04,Marseille,15.1,18.334804499148653
2022-11-05,Marseille,17.9,17.309936556985136
2022-11-06,Marseille,17.9,16.80659560765753
2022-11-07,Marseille,19.0,17.759820716136517
2022-11-08,Marseille,19.5,17.660570372817652
2022-11-09,Marseille,18.5,17.96819663688807
2022-11-10,Marseille,20.5,18.059789905927097
2022-11-11,Marseille,20.8,17.602362746910924
2022-11-12,Marseille,19.3,18.252962454263283
2022-11-13,Marseille,17.2,18.276913602250673
2022-11-14,Marseille,17.7,17.62533306318435
2022-11-15,Marseille,17.2,16.750248230748532
2022-11-16,Marseille,17.7,16.84471408273893
2022-11-17,Marseille,14.9,16.573117209229537
2022-11-18,Marseille,13.4,16.674274233477412
2022-11-19,Marseille,12.8,15.54224780522301
2022-11-20,Marseille,14.1,14.901789149530343
2022-11-21,Marseille,13.0,14.593530887734888
2022-11-22,Marseille,14.6,14.991368710378126
2022-11-23,Marseille,14.1,14.49585319066148
2022-11-24,Marseille,15.4,15.01184529887717
2022-11-25,Marseille,14.9,14.739646821940859
2022-11-26,Marseille,15.2,15.141291589768052
2022-11-27,Marseille,12.6,14.876465144444463
2022-11-28,Marseille,10.6,14.90830386474212
2022-11-29,Marseille,13.1,13.859888866861155
2022-11-30,Marseille,11.8,13.03945355408546
2022-12-01,Marseille,12.4,13.898737808045546
2022-12-02,Marseille,11.7,13.329160325955089
2022-12-03,Marseille,13.9,13.481381868301813
2022-12-04,Marseille,13.8,13.141811350808291
2022-12-05,Marseille,13.9,13.888780465094255
2022-12-06,Marseille,8.8,13.787807382001908
2022-12-07,Marseille,11.4,13.754458048858904
2022-12-08,Marseille,14.7,11.786412245313787
2022-12-09,Marseille,11.6,12.68748486001135
2022-12-10,Marseille,7.1,13.837920091221738
2022-12-11,Marseille,8.8,12.63192578173571
2022-12-12,Marseille,10.1,10.891436945425093
2022-12-13,Marseille,11.6,11.457214738951013
2022-12-14,Marseille,14.7,11.869566306060763
2022-12-15,Marseille,10.1,12.365586070921077
2022-12-16,Marseille,9.5,13.46244530714327
2022-12-17,Marseille,13.6,11.698496276818052
2022-12-18,Marseille,14.5,11.425326326683898
2022-12-19,Marseille,15.2,12.88843949588217
2022-12-20,Marseille,16.1,13.153856355321075
2022-12-21,Marseille,14.5,13.357523598349179
2022-12-22,Marseille,17.4,13.650571256215411
2022-12-23,Marseille,16.6,13.003763175644679
2022-12-24,Marseille,15.8,14.028164018978348
2022-12-25,Marseille,16.1,13.690720703264603
2022-12-26,Marseille,14.0,13.346685981670502
2022-12-27,Marseille,14.4,13.410127502766242
2022-12-28,Marseille,14.4,12.592538642580182
2022-12-29,Marseille,14.2,12.70296131656781
2022-12-30,Marseille,15.8,12.652821172783568
2022-10-01,Metz,16.1,17.5044914359644
2022-10-02,Metz,15.3,16.78883610579978
2022-10-03,Metz,17.7,16.963702742586307
2022-10-04,Metz,22.1,16.704003732758352
2022-10-05,Metz,16.7,18.122007402784696
2022-10-06,Metz,16.0,19.562517629391834
2022-10-07,Metz,15.6,16.97076024114771
2022-10-08,Metz,17.1,16.940871871999402
2022-10-09,Metz,20.9,16.331620579925183
2022-10-10,Metz,15.8,17.17001305664516
2022-10-11,Metz,16.2,18.951858016094203
2022-10-12,Metz,16.1,16.044074957219497
2022-10-13,Metz,15.6,16.573809737726044
2022-10-14,Metz,18.5,16.008834094730187
2022-10-15,Metz,19.4,15.216090858149334
2022-10-16,Metz,21.8,16.251269617282
2022-10-17,Metz,19.2,16.603716054438188
2022-10-18,Metz,19.0,17.66032142679704
2022-10-19,Metz,17.4,16.422105738546286
2022-10-20,Metz,18.8,16.406556031323547
2022-10-21,Metz,19.2,15.40205063210525
2022-10-22,Metz,21.0,15.673913009910587
2022-10-23,Metz,18.6,16.07260580637522
2022-10-24,Metz,17.5,16.98071147684557
2022-10-25,Metz,19.5,15.461709123548552
2022-10-26,Metz,21.2,14.95322486396735
2022-10-27,Metz,23.1,16.060192506189555
2022-10-28,Metz,21.3,16.966737362393186
2022-10-29,Metz,20.9,17.24360515375578
2022-10-30,Metz,19.0,16.512172428807443
2022-10-31,Metz,16.6,16.230369738921983
2022-11-01,Metz,14.4,15.47299316473716
2022-11-02,Metz,13.9,13.945484241766174
2022-11-03,Metz,10.0,12.928411582249398
2022-11-04,Metz,9.6,12.585902009921538
2022-11-05,Metz,10.9,10.704110015261119
2022-11-06,Metz,13.8,10.737821919966677
2022-11-07,Metz,16.5,11.278190648541056
2022-11-08,Metz,13.2,11.974316666558726
2022-11-09,Metz,12.1,13.481284002819628
2022-11-10,Metz,9.6,11.596730928057593
2022-11-11,Metz,9.4,11.31361384085487
2022-11-12,Metz,12.2,10.22219475071768
2022-11-13,Metz,11.4,10.07522953961629
2022-11-14,Metz,12.6,11.42130876290878
2022-11-15,Metz,12.4,11.078514260551492
2022-11-16,Metz,11.5,10.951459267549009
2022-11-17,Metz,9.3,10.604219323853751
2022-11-18,Metz,8.7,10.033402196765302
2022-11-19,Metz,8.2,9.209394051403711
2022-11-20,Metz,8.6,8.925459308906328
2022-11-21,Metz,7.5,8.621539612780676
2022-11-22,Metz,9.2,8.645170027187255
2022-11-23,Metz,10.2,8.01384406057505
2022-11-24,Metz,9.8,9.073935660833495
2022-11-25,Metz,7.4,9.166651437141535
2022-11-26,Metz,7.6,9.027409725475065
2022-11-27,Metz,7.9,7.918617546525372
2022-11-28,Metz,8.4,8.051472430857466
2022-11-29,Metz,8.0,7.792547209529021
2022-11-30,Metz,5.7,7.876780113629312
2022-12-01,Metz,3.1,7.683871947297414
2022-12-02,Metz,2.9,6.656461205408673
2022-12-03,Metz,2.8,5.669582817114062
2022-12-04,Metz,4.8,5.342621634280519
2022-12-05,Metz,4.1,5.223989261831559
2022-12-06,Metz,3.5,6.164480880677207
2022-12-07,Metz,3.2,5.743068419114442
2022-12-08,Metz,2.5,5.602041292454674
2022-12-09,Metz,1.5,5.399309969610737
2022-12-10,Metz,0.1,5.222308725011008
2022-12-11,Metz,-0.7,4.618010662279572
2022-12-12,Metz,-0.5,3.859484012238301
2022-12-13,Metz,-1.0,3.67212338777691
2022-12-14,Metz,0.3,3.6837183562352003
2022-12-15,Metz,0.6,3.100328498350951
2022-12-16,Metz,-0.8,3.975405488994829
2022-12-17,Metz,3.5,4.25870780988452
2022-12-18,Metz,8.8,3.857672030481151
2022-12-19,Metz,12.6,5.845782759039711
2022-12-20,Metz,10.9,7.3129623818135485
2022-12-21,Metz,11.1,8.605708432443114
2022-12-22,Metz,13.2,7.530499713476184
2022-12-23,Metz,10.7,7.508807324379891
2022-12-24,Metz,11.9,8.456645778115218
2022-12-25,Metz,11.6,7.267018498000027
2022-12-26,Metz,7.1,7.963836591687082
2022-12-27,Metz,10.9,8.138301477116846
2022-12-28,Metz,11.1,6.127093511559712
2022-12-29,Metz,12.8,7.781548665250007
2022-12-30,Metz,15.7,7.555979665418221
2022-10-01,Montpellier,28.1,22.25780896487866
2022-10-02,Montpellier,26.1,23.480217665247565
2022-10-03,Montpellier,24.5,25.807377518630794
2022-10-04,Montpellier,21.0,24.823122997123004
2022-10-05,Montpellier,25.0,24.04167519875301
2022-10-06,Montpellier,22.6,22.410507774821575
2022-10-07,Montpellier,21.4,24.047628208946804
2022-10-08,Montpellier,21.4,22.908312821638418
2022-10-09,Montpellier,22.6,22.223838080973866
2022-10-10,Montpellier,22.8,22.148734135633095
2022-10-11,Montpellier,23.5,22.566428611760635
2022-10-12,Montpellier,22.5,22.62022235231169
2022-10-13,Montpellier,23.5,22.775557210413382
2022-10-14,Montpellier,23.2,22.292337395478015
2022-10-15,Montpellier,21.9,22.48398971047839
2022-10-16,Montpellier,22.5,22.365703516090587
2022-10-17,Montpellier,22.3,21.50762646584849
2022-10-18,Montpellier,22.0,21.69712919869757
2022-10-19,Montpellier,20.5,21.547301956337407
2022-10-20,Montpellier,22.5,21.315401387473997
2022-10-21,Montpellier,22.4,20.44191487496558
2022-10-22,Montpellier,22.2,21.236558996873104
2022-10-23,Montpellier,23.4,21.16931745434817
2022-10-24,Montpellier,22.5,20.90352356967819
2022-10-25,Montpellier,23.4,21.350626625956224
2022-10-26,Montpellier,22.6,20.950512253338484
2022-10-27,Montpellier,22.0,21.145902964406524
2022-10-28,Montpellier,22.2,20.741069440016815
2022-10-29,Montpellier,21.8,20.413403837345474
2022-10-30,Montpellier,21.1,20.45754205907149
2022-10-31,Montpellier,22.7,20.093791060924552
2022-11-01,Montpellier,20.5,19.644388727663884
2022-11-02,Montpellier,16.4,20.31213978352965
2022-11-03,Montpellier,15.2,19.337069534797973
2022-11-04,Montpellier,16.8,17.463616271523264
2022-11-05,Montpellier,16.9,16.86791765846999
2022-11-06,Montpellier,18.4,17.523251323421707
2022-11-07,Montpellier,19.2,17.527222323103352
2022-11-08,Montpellier,19.4,18.08126794512279
2022-11-09,Montpellier,19.1,18.192194457657507
2022-11-10,Montpellier,19.6,18.06168751714247
2022-11-11,Montpellier,19.5,17.92641355249108
2022-11-12,Montpellier,17.7,18.037978437593996
2022-11-13,Montpellier,16.3,17.960666520157215
2022-11-14,Montpellier,18.5,17.097065945580198
2022-11-15,Montpellier,18.0,16.23928652733413
2022-11-16,Montpellier,18.0,17.141262831965534
2022-11-17,Montpellier,16.0,16.954532473685223
2022-11-18,Montpellier,15.4,16.812117100478
2022-11-19,Montpellier,14.8,15.882000382108998
2022-11-20,Montpellier,10.8,15.566423328041433
2022-11-21,Montpellier,13.0,15.240187887405803
2022-11-22,Montpellier,14.6,13.407822593173467
2022-11-23,Montpellier,15.3,14.223343244811483
2022-11-24,Montpellier,16.7,14.844449671895413
2022-11-25,Montpellier,15.5,15.09762830063822
2022-11-26,Montpellier,13.7,15.676207066603386
2022-11-27,Montpellier,13.6,15.073568780163361
2022-11-28,Montpellier,14.1,14.25912318365947
2022-11-29,Montpellier,12.9,14.081394844894884
2022-11-30,Montpellier,11.9,14.2519657697548
2022-12-01,Montpellier,9.7,13.694981298387237
2022-12-02,Montpellier,8.0,13.12863651320993
2022-12-03,Montpellier,11.2,12.128869952467994
2022-12-04,Montpellier,10.6,11.23502355628445
2022-12-05,Montpellier,11.3,12.694038762374106
2022-12-06,Montpellier,10.4,12.391572913789616
2022-12-07,Montpellier,6.9,12.57234989832321
2022-12-08,Montpellier,13.4,12.137009558079157
2022-12-09,Montpellier,10.4,10.552779746370724
2022-12-10,Montpellier,7.0,13.225150680301292
2022-12-11,Montpellier,6.7,12.019516823267043
2022-12-12,Montpellier,7.7,10.539270509041726
2022-12-13,Montpellier,12.6,10.362065417303405
2022-12-14,Montpellier,10.9,10.583697350163376
2022-12-15,Montpellier,11.6,12.552711999704712
2022-12-16,Montpellier,9.1,11.784000689292958
2022-12-17,Montpellier,12.4,12.061172385049105
2022-12-18,Montpellier,15.6,11.078656712734468
2022-12-19,Montpellier,15.6,12.468477465277438
2022-12-20,Montpellier,17.1,13.474592151769741
2022-12-21,Montpellier,15.3,13.378478123095006
2022-12-22,Montpellier,19.5,14.107958968345173
2022-12-23,Montpellier,18.5,13.274139102631624
2022-12-24,Montpellier,15.4,15.023642904396862
2022-12-25,Montpellier,16.0,14.654943060518693
2022-12-26,Montpellier,15.1,13.253888627282105
2022-12-27,Montpellier,11.9,13.369061189253868
2022-12-28,Montpellier,14.2,13.06133554523341
2022-12-29,Montpellier,12.9,11.682359374874617
2022-12-30,Montpellier,15.4,12.546042929476892
2022-10-01,Nantes,20.4,19.073054063505968
2022-10-02,Nantes,19.1,19.285811810150946
2022-10-03,Nantes,20.2,20.253610363983217
2022-10-04,Nantes,20.0,19.519580147459955
2022-10-05,Nantes,18.5,19.887355300818403
2022-10-06,Nantes,19.1,19.728827348911796
2022-10-07,Nantes,19.4,19.12510589240514
2022-10-08,Nantes,21.6,19.532492787666072
2022-10-09,Nantes,21.4,19.472966163375855
2022-10-10,Nantes,20.2,20.57048155470904
2022-10-11,Nantes,20.2,19.931799292036178
2022-10-12,Nantes,18.5,19.38847168221456
2022-10-13,Nantes,18.5,19.436636795212433
2022-10-14,Nantes,18.6,18.2332185777448
2022-10-15,Nantes,22.8,18.02325438978645
2022-10-16,Nantes,20.5,17.990946064117214
2022-10-17,Nantes,23.7,20.179562499445677
2022-10-18,Nantes,25.1,18.875624180952585
2022-10-19,Nantes,21.0,20.48899917573725
2022-10-20,Nantes,20.8,20.975482819782652
2022-10-21,Nantes,20.9,18.78805202224687
2022-10-22,Nantes,21.6,18.621101508340566
2022-10-23,Nantes,17.3,18.692496286806225
2022-10-24,Nantes,19.1,18.886634344123607
2022-10-25,Nantes,21.7,16.61721371903338
2022-10-26,Nantes,23.8,17.660592630728196
2022-10-27,Nantes,20.5,18.703019416898147
2022-10-28,Nantes,23.2,19.719745460146356
2022-10-29,Nantes,17.6,17.84238669512254
2022-10-30,Nantes,19.1,19.25504041572207
2022-10-31,Nantes,17.6,16.431809455884057
2022-11-01,Nantes,17.0,17.22409551821668
2022-11-02,Nantes,15.1,16.180273627955444
2022-11-03,Nantes,14.6,16.043119013656728
2022-11-04,Nantes,14.8,14.864385295533303
2022-11-05,Nantes,15.8,14.736280385654986
2022-11-06,Nantes,17.0,14.931033930252436
2022-11-07,Nantes,17.4,14.852361173485498
2022-11-08,Nantes,15.4,15.387590204556286
2022-11-09,Nantes,16.6,15.556009326881199
2022-11-10,Nantes,16.2,14.696616873594884
2022-11-11,Nantes,19.0,15.40313397220951
2022-11-12,Nantes,19.3,15.110171897283188
2022-11-13,Nantes,14.0,16.198880742443563
2022-11-14,Nantes,15.2,16.48023770031522
2022-11-15,Nantes,15.1,13.453569901784741
2022-11-16,Nantes,14.0,14.030766132875925
2022-11-17,Nantes,12.6,13.927877055620616
2022-11-18,Nantes,11.9,13.33889422467059
2022-11-19,Nantes,13.0,12.763120939190351
2022-11-20,Nantes,13.0,12.488405670911552
2022-11-21,Nantes,12.1,12.729654669487893
2022-11-22,Nantes,13.4,12.631549241471653
2022-11-23,Nantes,14.8,12.085082536346365
2022-11-24,Nantes,13.3,12.610579196309429
2022-11-25,Nantes,12.5,13.277807509952751
2022-11-26,Nantes,13.9,12.663081683778563
2022-11-27,Nantes,11.2,12.246355337435372
2022-11-28,Nantes,11.9,12.540473499973544
2022-11-29,Nantes,8.2,11.307552065684366
2022-11-30,Nantes,8.0,11.863618028443835
2022-12-01,Nantes,6.4,9.858376219423736
2022-12-02,Nantes,5.2,9.687157476449165
2022-12-03,Nantes,4.6,8.916480689398046
2022-12-04,Nantes,6.9,8.135217417585242
2022-12-05,Nantes,5.9,7.80195184134338
2022-12-06,Nantes,6.5,9.135978137649772
2022-12-07,Nantes,3.0,8.43328129460975
2022-12-08,Nantes,5.0,8.75394117518822
2022-12-09,Nantes,4.9,6.980137214758118
2022-12-10,Nantes,4.1,8.036309574764509
2022-12-11,Nantes,4.4,8.133926136705163
2022-12-12,Nantes,3.5,7.4091166817182526
2022-12-13,Nantes,2.8,7.718623126124285
2022-12-14,Nantes,3.3,7.20187362660789
2022-12-15,Nantes,4.9,6.503620513149404
2022-12-16,Nantes,1.4,6.737296251040064
2022-12-17,Nantes,9.1,7.688372625283652
2022-12-18,Nantes,13.2,5.962427721051085
2022-12-19,Nantes,13.6,9.948532833350654
2022-12-20,Nantes,13.3,11.18075770411967
2022-12-21,Nantes,13.9,11.368496743859957
2022-12-22,Nantes,14.3,11.213073132061037
2022-12-23,Nantes,12.2,11.147009983266742
2022-12-24,Nantes,14.6,11.390341957366791
2022-12-25,Nantes,12.0,10.42894679444186
2022-12-26,Nantes,11.1,11.707668799672756
2022-12-27,Nantes,12.6,10.649317221554021
2022-12-28,Nantes,11.6,10.15094039443612
2022-12-29,Nantes,15.2,10.490687625794989
2022-12-30,Nantes,17.0,10.16385885854344
2022-10-01,Orleans,21.3,18.840183247376594
2022-10-02,Orleans,16.4,18.900027744425717
2022-10-03,Orleans,19.1,19.91456235416006
2022-10-04,Orleans,22.5,17.783549528436925
2022-10-05,Orleans,17.8,19.217275762993207
2022-10-06,Orleans,17.5,20.423887725335298
2022-10-07,Orleans,18.0,18.330714822993137
2022-10-08,Orleans,19.0,18.17390914953472
2022-10-09,Orleans,19.0,18.34303818917172
2022-10-10,Orleans,17.8,18.732513860012123
2022-10-11,Orleans,19.2,18.232994637957464
2022-10-12,Orleans,16.2,17.558672635906607
2022-10-13,Orleans,18.6,18.39680354955308
2022-10-14,Orleans,18.6,16.555041001952212
2022-10-15,Orleans,22.7,17.28143403966873
2022-10-16,Orleans,19.3,17.153382935591303
2022-10-17,Orleans,20.5,18.99928506267209
2022-10-18,Orleans,23.2,17.22332305300458
2022-10-19,Orleans,21.4,18.023041703482196
2022-10-20,Orleans,20.1,19.02699546089487
2022-10-21,Orleans,20.7,17.932280381032633
2022-10-22,Orleans,22.1,17.353671562505387
2022-10-23,Orleans,18.1,17.752315414722087
2022-10-24,Orleans,19.4,18.029460454203953
2022-10-25,Orleans,21.8,16.186607741172022
2022-10-26,Orleans,23.8,16.950084779556622
2022-10-27,Orleans,22.8,17.726355194702972
2022-10-28,Orleans,25.0,18.4352350947944
2022-10-29,Orleans,18.8,17.783408904117962
2022-10-30,Orleans,20.8,18.941530089694673
2022-10-31,Orleans,16.5,16.14225392025208
2022-11-01,Orleans,15.6,16.976800569373207
2022-11-02,Orleans,14.7,14.841088630207329
2022-11-03,Orleans,11.9,14.496909072770894
2022-11-04,Orleans,11.2,13.924601029955483
2022-11-05,Orleans,12.8,12.861862870023522
2022-11-06,Orleans,15.2,12.624838396713574
2022-11-07,Orleans,16.6,12.851974224151295
2022-11-08,Orleans,14.8,13.682257355732666
2022-11-09,Orleans,12.1,14.300954580315116
2022-11-10,Orleans,14.8,13.520631010292648
2022-11-11,Orleans,16.6,12.443276827823567
2022-11-12,Orleans,15.1,13.629936915653182
2022-11-13,Orleans,15.1,14.224212192945211
2022-11-14,Orleans,13.9,13.476481508066556
2022-11-15,Orleans,13.6,13.343467965883018
2022-11-16,Orleans,13.6,12.617350510646888
2022-11-17,Orleans,11.1,12.361470379227885
2022-11-18,Orleans,10.4,12.23120809059416
2022-11-19,Orleans,9.2,11.352000012702028
2022-11-20,Orleans,9.6,11.164662535762968
2022-11-21,Orleans,10.6,10.510080427214966
2022-11-22,Orleans,12.6,10.356301066696094
2022-11-23,Orleans,12.3,10.767399931431878
2022-11-24,Orleans,11.8,11.630110094165655
2022-11-25,Orleans,9.1,11.287141950444068
2022-11-26,Orleans,11.1,11.240179192921815
2022-11-27,Orleans,10.9,10.0545524015084
2022-11-28,Orleans,8.1,10.56924137710628
2022-11-29,Orleans,7.3,10.431300648968685
2022-11-30,Orleans,6.6,9.182286519351887
2022-12-01,Orleans,6.0,8.644977232683628
2022-12-02,Orleans,4.7,8.233069440918376
2022-12-03,Orleans,5.4,8.108580120968721
2022-12-04,Orleans,4.7,7.449891874958592
2022-12-05,Orleans,5.0,7.836510606554199
2022-12-06,Orleans,4.8,7.239237043933928
2022-12-07,Orleans,3.5,7.4368946462947925
2022-12-08,Orleans,2.7,7.491656776339395
2022-12-09,Orleans,2.5,6.591963806785953
2022-12-10,Orleans,1.8,6.390635815139433
2022-12-11,Orleans,1.2,6.363846384055405
2022-12-12,Orleans,2.3,6.270462936285249
2022-12-13,Orleans,0.8,5.911978712259479
2022-12-14,Orleans,2.2,6.283694358119764
2022-12-15,Orleans,3.2,5.201551717841415
2022-12-16,Orleans,0.4,5.939155100339672
2022-12-17,Orleans,5.9,6.515212074137121
2022-12-18,Orleans,11.6,5.234041785857629
2022-12-19,Orleans,12.8,7.883415346691418
2022-12-20,Orleans,12.1,9.763002011044492
2022-12-21,Orleans,13.5,9.888364483820345
2022-12-22,Orleans,13.9,9.48615414958225
2022-12-23,Orleans,11.4,9.929674083870927
2022-12-24,Orleans,14.7,10.048144761510578
2022-12-25,Orleans,11.3,8.95031723513119
2022-12-26,Orleans,8.7,10.585326228485048
2022-12-27,Orleans,11.6,9.316830116588509
2022-12-28,Orleans,11.4,8.223618570438141
2022-12-29,Orleans,13.9,9.081076747094741
2022-12-30,Orleans,16.4,9.09339141676328
2022-10-01,Paris,19.4,19.989795356676428
2022-10-02,Paris,15.8,19.443219483648242
2022-10-03,Paris,20.0,19.58219585549724
2022-10-04,Paris,21.6,17.732139435259118
2022-10-05,Paris,17.9,20.20969121681407
2022-10-06,Paris,18.5,20.010892511098593
2022-10-07,Paris,17.4,18.412598522703647
2022-10-08,Paris,18.6,19.33633003102303
2022-10-09,Paris,18.7,18.172128384213654
2022-10-10,Paris,17.0,19.30375671039491
2022-10-11,Paris,19.0,18.27130468408309
2022-10-12,Paris,15.1,17.591818913977008
2022-10-13,Paris,16.5,18.941493962225312
2022-10-14,Paris,18.9,15.92629340914226
2022-10-15,Paris,19.5,16.053428728296424
2022-10-16,Paris,19.0,17.085218706571087
2022-10-17,Paris,19.8,17.545136334592684
2022-10-18,Paris,21.9,16.99743037373143
2022-10-19,Paris,21.5,17.271896717663648
2022-10-20,Paris,20.4,18.244047985875664
2022-10-21,Paris,20.5,17.639378411206813
2022-10-22,Paris,21.2,17.132644061627023
2022-10-23,Paris,18.1,17.416435970351277
2022-10-24,Paris,18.5,17.32181071761673
2022-10-25,Paris,21.6,15.949018356146448
2022-10-26,Paris,21.6,16.311000406494486
2022-10-27,Paris,23.0,17.175274447146105
2022-10-28,Paris,24.0,17.321836942354565
2022-10-29,Paris,18.4,17.575538354111245
2022-10-30,Paris,20.5,18.07609262755205
2022-10-31,Paris,16.8,15.786527651210047
2022-11-01,Paris,15.4,17.028730157089022
2022-11-02,Paris,15.2,14.970130680459564
2022-11-03,Paris,12.1,14.40762085787675
2022-11-04,Paris,11.8,14.209080687847216
2022-11-05,Paris,12.1,13.196512427037344
2022-11-06,Paris,16.1,13.074071325694623
2022-11-07,Paris,16.4,12.377961794833453
2022-11-08,Paris,14.9,13.925261470273025
2022-11-09,Paris,13.1,14.084304149410718
2022-11-10,Paris,12.1,13.601043597843356
2022-11-11,Paris,15.6,13.201085704247115
2022-11-12,Paris,13.5,12.61133072006259
2022-11-13,Paris,14.8,14.127938744279017
2022-11-14,Paris,13.2,12.870125553394479
2022-11-15,Paris,12.9,13.547150290200989
2022-11-16,Paris,13.6,12.254217305970283
2022-11-17,Paris,11.1,12.015559058134416
2022-11-18,Paris,10.7,12.095514387068455
2022-11-19,Paris,10.1,11.391043014784843
2022-11-20,Paris,9.1,11.372489463061804
2022-11-21,Paris,10.7,10.935628541475308
2022-11-22,Paris,11.6,10.248195170781056
2022-11-23,Paris,12.9,11.0281945015686
2022-11-24,Paris,12.0,11.426786671734988
2022-11-25,Paris,9.2,11.633364789563293
2022-11-26,Paris,9.4,11.213291785475631
2022-11-27,Paris,11.1,10.279688124814575
2022-11-28,Paris,7.7,9.731110140479688
2022-11-29,Paris,7.6,10.691989109010162
2022-11-30,Paris,6.2,9.126640243658223
2022-12-01,Paris,5.6,8.699861888522868
2022-12-02,Paris,4.6,8.341626842689593
2022-12-03,Paris,4.5,8.043158071083447
2022-12-04,Paris,2.8,7.494397462770717
2022-12-05,Paris,5.7,7.855477824608711
2022-12-06,Paris,5.9,6.749024029326714
2022-12-07,Paris,4.2,8.439452849598418
2022-12-08,Paris,2.2,8.45523075090345
2022-12-09,Paris,3.0,7.3885105019293995
2022-12-10,Paris,0.6,6.423577800012183
2022-12-11,Paris,0.3,7.043375716391115
2022-12-12,Paris,1.5,6.132152366769949
2022-12-13,Paris,0.5,5.942930087532336
2022-12-14,Paris,1.4,6.551934597330561
2022-12-15,Paris,3.0,5.929875388859216
2022-12-16,Paris,0.4,6.464402010045365
2022-12-17,Paris,4.4,7.240647901136338
2022-12-18,Paris,11.1,5.990394958821259
2022-12-19,Paris,11.7,7.888009204960834
2022-12-20,Paris,11.9,9.399804896772839
2022-12-21,Paris,13.4,8.76181149986049
2022-12-22,Paris,14.4,9.27911762386974
2022-12-23,Paris,12.1,9.321640847250338
2022-12-24,Paris,13.1,9.793975376435483
2022-12-25,Paris,11.4,8.863809019463377
2022-12-26,Paris,8.6,9.28610188986013
2022-12-27,Paris,11.4,9.297007649152047
2022-12-28,Paris,11.6,8.15966480529771
2022-12-29,Paris,14.4,8.518494799172068
2022-12-30,Paris,16.0,8.99581064464119
2022-10-01,Poitiers,20.6,19.048238303115205
2022-10-02,Poitiers,20.1,20.43029716701869
2022-10-03,Poitiers,19.9,20.114813739947603
2022-10-04,Poitiers,22.6,19.835199645258527
2022-10-05,Poitiers,18.8,19.688586027977912
2022-10-06,Poitiers,19.8,20.83622193997983
2022-10-07,Poitiers,19.4,18.951051744075187
2022-10-08,Poitiers,22.6,19.382678555344093
2022-10-09,Poitiers,21.4,19.099075147190042
2022-10-10,Poitiers,18.8,20.539257108222667
2022-10-11,Poitiers,19.2,19.759478768242413
2022-10-12,Poitiers,16.7,18.455717698831794
2022-10-13,Poitiers,19.8,18.5824514107712
2022-10-14,Poitiers,18.0,17.302525745923734
2022-10-15,Poitiers,24.3,18.615951840703
2022-10-16,Poitiers,21.3,17.651766351042284
2022-10-17,Poitiers,24.6,20.56209703770927
2022-10-18,Poitiers,25.7,19.02871897658518
2022-10-19,Poitiers,20.1,20.537187512410483
2022-10-20,Poitiers,19.8,20.94851817534485
2022-10-21,Poitiers,21.2,18.19119535465037
2022-10-22,Poitiers,23.2,17.981052843886236
2022-10-23,Poitiers,19.0,18.584733742345936
2022-10-24,Poitiers,21.2,19.358825580459982
2022-10-25,Poitiers,22.6,17.330238514299314
2022-10-26,Poitiers,24.4,18.321754886002296
2022-10-27,Poitiers,23.8,18.86031361084878
2022-10-28,Poitiers,24.0,19.578505386765716
2022-10-29,Poitiers,17.5,19.177320851550412
2022-10-30,Poitiers,21.4,19.25515044673109
2022-10-31,Poitiers,17.1,16.088764188318862
2022-11-01,Poitiers,16.0,17.86476316356622
2022-11-02,Poitiers,14.6,15.733469254586826
2022-11-03,Poitiers,13.2,15.147358831766306
2022-11-04,Poitiers,13.9,14.39063510843565
2022-11-05,Poitiers,14.9,13.68505474918491
2022-11-06,Poitiers,16.8,13.985567277326707
2022-11-07,Poitiers,16.4,14.299906278526164
2022-11-08,Poitiers,14.9,15.068398878253234
2022-11-09,Poitiers,12.9,14.781179414775643
2022-11-10,Poitiers,17.3,14.039239095693974
2022-11-11,Poitiers,18.9,13.058562667603177
2022-11-12,Poitiers,18.6,15.081052906376208
2022-11-13,Poitiers,14.8,15.685224521665138
2022-11-14,Poitiers,14.8,15.520495123885196
2022-11-15,Poitiers,13.9,13.577583807287557
2022-11-16,Poitiers,13.9,13.489352318005906
2022-11-17,Poitiers,12.1,12.992750519380799
2022-11-18,Poitiers,10.2,12.936325144898333
2022-11-19,Poitiers,11.8,12.051263190946697
2022-11-20,Poitiers,12.1,11.108514230667332
2022-11-21,Poitiers,11.1,11.795668601627973
2022-11-22,Poitiers,12.9,11.8178944511502
2022-11-23,Poitiers,12.3,11.273165483581673
2022-11-24,Poitiers,12.8,12.014292340983365
2022-11-25,Poitiers,11.2,11.682515768070637
2022-11-26,Poitiers,12.3,11.887827979261269
2022-11-27,Poitiers,11.4,11.077702028759788
2022-11-28,Poitiers,9.8,11.485396834064899
2022-11-29,Poitiers,8.0,11.004265974488144
2022-11-30,Poitiers,7.5,10.222839050637141
2022-12-01,Poitiers,6.2,9.268439416177877
2022-12-02,Poitiers,6.1,8.98432112251775
2022-12-03,Poitiers,5.6,8.306567626199339
2022-12-04,Poitiers,7.4,8.223115121908464
2022-12-05,Poitiers,5.1,7.933219568129701
2022-12-06,Poitiers,5.3,8.772088662775765
2022-12-07,Poitiers,3.8,7.603047142723323
2022-12-08,Poitiers,3.4,7.60898579438655
2022-12-09,Poitiers,2.2,6.899031651346114
2022-12-10,Poitiers,1.8,6.656906113557103
2022-12-11,Poitiers,4.2,6.068675140485912
2022-12-12,Poitiers,2.5,5.846642569055248
2022-12-13,Poitiers,11.8,6.943983948779387
2022-12-14,Poitiers,4.0,6.084078006611016
2022-12-15,Poitiers,3.6,10.381861650543144
2022-12-16,Poitiers,2.0,6.6240406006471915
2022-12-17,Poitiers,7.3,6.4548576155691215
2022-12-18,Poitiers,13.4,5.709852206669899
2022-12-19,Poitiers,13.8,8.182904865426806
2022-12-20,Poitiers,12.4,10.864273480329746
2022-12-21,Poitiers,14.0,10.950447048207828
2022-12-22,Poitiers,13.9,10.263842198445717
2022-12-23,Poitiers,12.6,10.96029433148682
2022-12-24,Poitiers,15.7,10.884171085399423
2022-12-25,Poitiers,11.7,10.268637522473451
2022-12-26,Poitiers,10.1,11.718094630195296
2022-12-27,Poitiers,12.1,9.84153285271466
2022-12-28,Poitiers,11.9,9.06733804012142
2022-12-29,Poitiers,14.4,9.942768373157277
2022-12-30,Poitiers,16.2,9.845694519458618
2022-10-01,Reims,17.2,18.49759501727201
2022-10-02,Reims,14.5,18.13694545011358
2022-10-03,Reims,18.5,17.940273207776055
2022-10-04,Reims,19.9,16.762654307229248
2022-10-05,Reims,17.1,19.014561516150575
2022-10-06,Reims,16.9,18.678813795638604
2022-10-07,Reims,15.8,17.39499843243141
2022-10-08,Reims,17.6,17.718173414793846
2022-10-09,Reims,19.8,17.113363900040344
2022-10-10,Reims,15.8,18.32200251498729
2022-10-11,Reims,17.9,18.626003293639993
2022-10-12,Reims,15.8,16.80573287793696
2022-10-13,Reims,16.0,18.238358942791017
2022-10-14,Reims,19.5,15.964638301162088
2022-10-15,Reims,18.9,15.527274482503413
2022-10-16,Reims,20.2,16.997258322462883
2022-10-17,Reims,19.4,16.644583083013444
2022-10-18,Reims,20.1,16.76428178625671
2022-10-19,Reims,20.7,16.509956871694186
2022-10-20,Reims,19.0,16.979161663936946
2022-10-21,Reims,19.4,16.962252976311696
2022-10-22,Reims,21.3,15.853079105999424
2022-10-23,Reims,18.6,16.27957656491661
2022-10-24,Reims,18.0,16.957878592721965
2022-10-25,Reims,20.3,15.669397778048403
2022-10-26,Reims,20.7,15.55372011271318
2022-10-27,Reims,22.4,16.308314310629896
2022-10-28,Reims,21.1,16.409353664818603
2022-10-29,Reims,20.2,16.733638440995826
2022-10-30,Reims,19.0,16.137633286213685
2022-10-31,Reims,17.1,16.180175557514772
2022-11-01,Reims,14.5,15.599338537449148
2022-11-02,Reims,13.6,14.62809850981212
2022-11-03,Reims,10.5,13.320928896086954
2022-11-04,Reims,10.9,12.947930633957167
2022-11-05,Reims,11.1,11.678921748711371
2022-11-06,Reims,14.9,12.274011212779982
2022-11-07,Reims,16.2,11.443593737483024
2022-11-08,Reims,14.1,12.927238682761317
2022-11-09,Reims,12.8,13.5989583447619
2022-11-10,Reims,11.1,12.512925540257074
2022-11-11,Reims,14.2,12.232068051576201
2022-11-12,Reims,11.6,11.495273108788318
2022-11-13,Reims,11.9,12.809392565708299
2022-11-14,Reims,12.4,11.908665068093981
2022-11-15,Reims,12.4,12.350606356012864
2022-11-16,Reims,12.0,11.352120771467796
2022-11-17,Reims,10.1,11.262724302773353
2022-11-18,Reims,9.9,10.862736797685407
2022-11-19,Reims,8.1,10.320940542234185
2022-11-20,Reims,8.2,10.423391811807456
2022-11-21,Reims,9.1,9.480480272926037
2022-11-22,Reims,9.3,9.17428179395359
2022-11-23,Reims,11.1,9.746169389631111
2022-11-24,Reims,10.6,9.819369617056504
2022-11-25,Reims,7.3,10.141480167100955
2022-11-26,Reims,8.6,9.953044124311553
2022-11-27,Reims,9.8,8.891941729096985
2022-11-28,Reims,7.6,9.145656451041923
2022-11-29,Reims,7.8,9.349893500057128
2022-11-30,Reims,6.7,8.577254345046873
2022-12-01,Reims,4.6,8.531466406404846
2022-12-02,Reims,3.5,7.937342079685067
2022-12-03,Reims,3.8,7.019448404002766
2022-12-04,Reims,2.2,6.627498045408085
2022-12-05,Reims,4.4,7.0367084409293685
2022-12-06,Reims,3.5,5.867841355270475
2022-12-07,Reims,3.9,7.13320669830102
2022-12-08,Reims,1.1,6.702715829398935
2022-12-09,Reims,-0.1,6.569115236154499
2022-12-10,Reims,0.6,5.451260286388239
2022-12-11,Reims,0.3,4.981914227818695
2022-12-12,Reims,0.6,5.167864892786589
2022-12-13,Reims,0.2,5.4113490445583885
2022-12-14,Reims,0.8,5.47022021353769
2022-12-15,Reims,0.2,4.9945457094601515
2022-12-16,Reims,-1.2,5.75280993355954
2022-12-17,Reims,4.3,5.287753801251267
2022-12-18,Reims,10.3,4.636803959343286
2022-12-19,Reims,11.3,7.554930427705441
2022-12-20,Reims,11.1,8.64086576809204
2022-12-21,Reims,12.4,8.175817376283177
2022-12-22,Reims,13.9,8.011950805852784
2022-12-23,Reims,11.9,8.446130192896549
2022-12-24,Reims,13.0,9.073974798952648
2022-12-25,Reims,12.1,8.239179809027654
2022-12-26,Reims,7.9,8.831033790606497
2022-12-27,Reims,10.7,9.137441687804301
2022-12-28,Reims,11.2,7.229591463487395
2022-12-29,Reims,13.4,7.889010820000943
2022-12-30,Reims,15.6,8.256245114266786
2022-10-01,Rennes,20.4,19.201554422845376
2022-10-02,Rennes,19.6,19.66962871544232
2022-10-03,Rennes,18.9,19.733517568570853
2022-10-04,Rennes,19.4,19.025425583494176
2022-10-05,Rennes,17.9,19.147191231729693
2022-10-06,Rennes,18.7,19.232310628870827
2022-10-07,Rennes,18.4,18.99993054485705
2022-10-08,Rennes,19.6,19.408188935255886
2022-10-09,Rennes,19.0,18.742381627402292
2022-10-10,Rennes,19.0,19.468496445711864
2022-10-11,Rennes,19.5,18.648429136479347
2022-10-12,Rennes,16.5,18.985546052952433
2022-10-13,Rennes,18.7,19.238918046948292
2022-10-14,Rennes,18.1,16.862213585566344
2022-10-15,Rennes,20.4,17.81690501774153
2022-10-16,Rennes,18.9,17.463518079179416
2022-10-17,Rennes,21.2,18.681771878890537
2022-10-18,Rennes,23.6,17.654447302776376
2022-10-19,Rennes,20.2,18.844331466923478
2022-10-20,Rennes,20.1,19.603958698142275
2022-10-21,Rennes,19.8,17.885885027209408
2022-10-22,Rennes,19.3,17.788855813983872
2022-10-23,Rennes,16.9,17.801834269304923
2022-10-24,Rennes,18.9,17.103394719024802
2022-10-25,Rennes,20.0,16.153353762317053
2022-10-26,Rennes,23.2,17.161784101309202
2022-10-27,Rennes,19.3,17.241639738250363
2022-10-28,Rennes,23.7,18.794877727498577
2022-10-29,Rennes,17.0,16.66596809447921
2022-10-30,Rennes,18.0,18.891583842306616
2022-10-31,Rennes,16.6,15.837664329205351
2022-11-01,Rennes,16.0,16.391671611650892
2022-11-02,Rennes,14.4,15.474870794991986
2022-11-03,Rennes,14.1,15.421795568983793
2022-11-04,Rennes,13.6,14.17664001100674
2022-11-05,Rennes,15.4,14.334851508574832
2022-11-06,Rennes,16.7,14.362659947694372
2022-11-07,Rennes,16.0,14.19626755725308
2022-11-08,Rennes,15.3,14.75129306413368
2022-11-09,Rennes,16.0,14.479802965243083
2022-11-10,Rennes,13.4,14.562941273448322
2022-11-11,Rennes,17.3,15.024476028661606
2022-11-12,Rennes,17.1,13.49740189540442
2022-11-13,Rennes,14.1,15.119148630759081
2022-11-14,Rennes,14.4,14.979536710807363
2022-11-15,Rennes,14.4,13.447630035174676
2022-11-16,Rennes,13.3,13.381602932130553
2022-11-17,Rennes,12.1,13.403267791065236
2022-11-18,Rennes,11.2,12.875909393519542
2022-11-19,Rennes,12.4,12.595473197211081
2022-11-20,Rennes,11.6,12.228854548106682
2022-11-21,Rennes,12.0,12.472262594761524
2022-11-22,Rennes,13.1,11.988599053661583
2022-11-23,Rennes,13.8,12.064334800132256
2022-11-24,Rennes,12.9,12.216552237963807
2022-11-25,Rennes,12.1,12.759446460007455
2022-11-26,Rennes,13.0,12.497160857978482
2022-11-27,Rennes,10.9,12.088799655840534
2022-11-28,Rennes,11.4,11.717311590829313
2022-11-29,Rennes,7.6,11.239272403414436
2022-11-30,Rennes,8.4,11.811899063428582
2022-12-01,Rennes,6.5,9.784529450603149
2022-12-02,Rennes,4.9,10.343058152317454
2022-12-03,Rennes,4.6,9.518453350196008
2022-12-04,Rennes,5.9,8.367183440997277
2022-12-05,Rennes,6.4,7.982611693117034
2022-12-06,Rennes,6.6,8.787651450218345
2022-12-07,Rennes,4.7,9.197854001500904
2022-12-08,Rennes,4.8,9.327938823524358
2022-12-09,Rennes,4.2,8.510061984798831
2022-12-10,Rennes,1.6,8.562901184677107
2022-12-11,Rennes,2.5,8.442192436300198
2022-12-12,Rennes,2.0,6.773341081140787
2022-12-13,Rennes,1.9,7.225789586656045
2022-12-14,Rennes,4.0,6.990079940285286
2022-12-15,Rennes,5.9,6.408339836916365
2022-12-16,Rennes,0.9,7.408948343364976
2022-12-17,Rennes,8.2,8.733201305776825
2022-12-18,Rennes,13.9,6.351422743787259
2022-12-19,Rennes,12.6,9.97929817158105
2022-12-20,Rennes,12.9,11.201988638112002
2022-12-21,Rennes,14.5,10.536931108823085
2022-12-22,Rennes,14.6,10.679325283136793
2022-12-23,Rennes,11.7,10.894702447683931
2022-12-24,Rennes,13.3,11.064771693889725
2022-12-25,Rennes,10.4,9.669911775913462
2022-12-26,Rennes,10.8,10.555109344123721
2022-12-27,Rennes,12.0,9.828714275964453
2022-12-28,Rennes,11.2,10.115704119422313
2022-12-29,Rennes,14.3,9.695377650319198
2022-12-30,Rennes,16.9,9.851574706011123
2022-10-01,Rouen,16.4,19.09182615312427
2022-10-02,Rouen,14.9,17.71438957748801
2022-10-03,Rouen,18.5,17.668126398435902
2022-10-04,Rouen,20.1,17.20277161628944
2022-10-05,Rouen,16.5,18.860962718519414
2022-10-06,Rouen,17.1,18.643106106242566
2022-10-07,Rouen,15.9,17.632238269780878
2022-10-08,Rouen,17.2,18.414611382703423
2022-10-09,Rouen,19.4,17.17621995563586
2022-10-10,Rouen,15.8,18.382796943205456
2022-10-11,Rouen,17.8,18.585003130353044
2022-10-12,Rouen,15.0,17.19496095335466
2022-10-13,Rouen,14.4,18.800458324064074
2022-10-14,Rouen,17.8,15.69776409561828
2022-10-15,Rouen,16.8,14.778974185444348
2022-10-16,Rouen,17.8,16.377562598214762
2022-10-17,Rouen,20.0,16.201357612881466
2022-10-18,Rouen,20.5,15.861218616511774
2022-10-19,Rouen,19.9,17.245676682240365
2022-10-20,Rouen,19.6,17.066036013031884
2022-10-21,Rouen,18.9,16.524563328369787
2022-10-22,Rouen,20.1,16.42058327473514
2022-10-23,Rouen,17.2,16.45519156688979
2022-10-24,Rouen,18.2,16.24735937352862
2022-10-25,Rouen,19.6,15.00456173256542
2022-10-26,Rouen,21.0,15.97413681437833
2022-10-27,Rouen,20.4,15.924099992590095
2022-10-28,Rouen,22.3,16.70517463099081
2022-10-29,Rouen,15.2,16.11442121723688
2022-10-30,Rouen,18.2,16.962034148680385
2022-10-31,Rouen,16.2,14.078026297833672
2022-11-01,Rouen,14.4,15.842020748794651
2022-11-02,Rouen,14.0,14.50353405175879
2022-11-03,Rouen,11.8,13.952241547445873
2022-11-04,Rouen,10.9,13.571167877548223
2022-11-05,Rouen,12.6,12.605282474440855
2022-11-06,Rouen,15.6,12.184217419872496
2022-11-07,Rouen,15.8,12.122177590219767
2022-11-08,Rouen,13.8,13.43591869994059
2022-11-09,Rouen,14.4,13.201956108342126
2022-11-10,Rouen,11.9,12.874344918012932
2022-11-11,Rouen,14.4,13.560518930682669
2022-11-12,Rouen,13.2,12.135717159573092
2022-11-13,Rouen,14.6,13.184900340873774
2022-11-14,Rouen,12.4,12.507197655712861
2022-11-15,Rouen,12.5,13.27142638490512
2022-11-16,Rouen,12.1,11.65730369999564
2022-11-17,Rouen,10.6,11.878613994534412
2022-11-18,Rouen,9.9,11.405165934034766
2022-11-19,Rouen,10.6,11.074244474187779
2022-11-20,Rouen,9.1,11.14692073620935
2022-11-21,Rouen,9.8,11.365075600717176
2022-11-22,Rouen,11.3,10.105038851511315
2022-11-23,Rouen,12.1,10.526369234360178
2022-11-24,Rouen,11.3,11.45210855883652
2022-11-25,Rouen,10.1,11.27411775386869
2022-11-26,Rouen,10.2,11.323847140838353
2022-11-27,Rouen,10.0,10.68216870960898
2022-11-28,Rouen,8.5,9.780129227550304
2022-11-29,Rouen,6.6,10.128646836983059
2022-11-30,Rouen,5.8,9.782763103508007
2022-12-01,Rouen,6.4,8.41823196869392
2022-12-02,Rouen,3.5,8.44896472899598
2022-12-03,Rouen,3.0,9.38081499677078
2022-12-04,Rouen,3.8,7.157315070132812
2022-12-05,Rouen,6.6,6.92386733174666
2022-12-06,Rouen,6.6,7.538101779058005
2022-12-07,Rouen,3.0,9.02200113722639
2022-12-08,Rouen,1.4,9.160300934410904
2022-12-09,Rouen,3.5,7.323622957723726
2022-12-10,Rouen,0.9,6.709172005485716
2022-12-11,Rouen,1.0,7.899064517728359
2022-12-12,Rouen,0.7,6.5255814155386975
2022-12-13,Rouen,1.1,6.5474154550119525
2022-12-14,Rouen,3.0,6.356577405530221
2022-12-15,Rouen,4.6,6.239387492533631
2022-12-16,Rouen,-1.3,7.505091691869172
2022-12-17,Rouen,5.2,8.662025597195221
2022-12-18,Rouen,10.7,5.480835173865591
2022-12-19,Rouen,10.9,8.783415712333598
2022-12-20,Rouen,10.6,9.210796229139888
2022-12-21,Rouen,12.1,8.7179302564032
2022-12-22,Rouen,13.4,8.991355941671438
2022-12-23,Rouen,12.1,9.070912638632457
2022-12-24,Rouen,11.7,9.347082783872107
2022-12-25,Rouen,9.5,8.787773932117872
2022-12-26,Rouen,9.1,8.93801750871081
2022-12-27,Rouen,11.4,8.529696349139442
2022-12-28,Rouen,11.1,8.506682618856027
2022-12-29,Rouen,14.1,8.418824425195984
2022-12-30,Rouen,15.8,9.081819239229539
2022-10-01,Strasbourg,17.8,17.474461736422104
2022-10-02,Strasbourg,15.9,16.859399989244
2022-10-03,Strasbourg,17.6,17.747282219113565
2022-10-04,Strasbourg,22.3,17.055446472813834
2022-10-05,Strasbourg,18.0,17.97345904113291
2022-10-06,Strasbourg,17.9,20.01221059961067
2022-10-07,Strasbourg,17.4,17.53002325365516
2022-10-08,Strasbourg,18.5,17.647191063499918
2022-10-09,Strasbourg,22.0,17.231278707818706
2022-10-10,Strasbourg,16.0,17.81705907282938
2022-10-11,Strasbourg,17.5,19.25693974661929
2022-10-12,Strasbourg,17.0,15.896580034420005
2022-10-13,Strasbourg,16.4,16.98759987079452
2022-10-14,Strasbourg,19.6,16.460577403187678
2022-10-15,Strasbourg,22.0,15.872212669602224
2022-10-16,Strasbourg,22.8,17.13738730923825
2022-10-17,Strasbourg,21.9,18.23537527739655
2022-10-18,Strasbourg,19.8,18.702393114163428
2022-10-19,Strasbourg,18.2,18.032338044563232
2022-10-20,Strasbourg,17.9,17.060559084804638
2022-10-21,Strasbourg,19.5,16.164729998562954
2022-10-22,Strasbourg,20.6,15.49371374025907
2022-10-23,Strasbourg,19.3,16.500164761465207
2022-10-24,Strasbourg,18.7,17.0793212388815
2022-10-25,Strasbourg,21.0,16.109966237434357
2022-10-26,Strasbourg,20.1,15.802833090427868
2022-10-27,Strasbourg,22.7,16.842850040975705
2022-10-28,Strasbourg,21.3,16.4357524099485
2022-10-29,Strasbourg,20.8,17.364738928207544
2022-10-30,Strasbourg,15.9,16.679312749685806
2022-10-31,Strasbourg,17.1,16.30668831423787
2022-11-01,Strasbourg,16.5,13.962737007612443
2022-11-02,Strasbourg,13.9,14.39522624787795
2022-11-03,Strasbourg,12.4,14.157719718558438
2022-11-04,Strasbourg,10.9,12.775303818186527
2022-11-05,Strasbourg,9.8,11.865798461553736
2022-11-06,Strasbourg,14.6,11.19795535492672
2022-11-07,Strasbourg,16.3,10.665566404771518
2022-11-08,Strasbourg,13.3,12.592343269092721
2022-11-09,Strasbourg,14.1,13.578497982842666
2022-11-10,Strasbourg,11.9,11.612511227174537
2022-11-11,Strasbourg,8.4,12.28831846583035
2022-11-12,Strasbourg,9.0,11.186407009302297
2022-11-13,Strasbourg,13.2,9.258829427169605
2022-11-14,Strasbourg,12.2,9.583098228785776
2022-11-15,Strasbourg,13.9,11.722285729650853
2022-11-16,Strasbourg,14.1,10.620769081541837
2022-11-17,Strasbourg,10.8,11.420397578015079
2022-11-18,Strasbourg,9.9,11.410554437247825
2022-11-19,Strasbourg,9.6,9.843985364841362
2022-11-20,Strasbourg,9.1,9.475487470728819
2022-11-21,Strasbourg,8.8,9.263816830444368
2022-11-22,Strasbourg,10.6,8.79150371847999
2022-11-23,Strasbourg,11.6,8.61009653165269
2022-11-24,Strasbourg,10.6,9.581468622584975
2022-11-25,Strasbourg,9.4,9.960620528593788
2022-11-26,Strasbourg,6.8,9.436318199959848
2022-11-27,Strasbourg,7.8,8.83677554105748
2022-11-28,Strasbourg,8.6,7.443130955122751
2022-11-29,Strasbourg,7.9,7.6516680214938475
2022-11-30,Strasbourg,5.4,7.81282313040807
2022-12-01,Strasbourg,4.4,7.452002492823695
2022-12-02,Strasbourg,4.7,6.384873647861962
2022-12-03,Strasbourg,3.0,5.796294568038032
2022-12-04,Strasbourg,7.1,6.072916408552814
2022-12-05,Strasbourg,5.5,5.270252675514444
2022-12-06,Strasbourg,4.7,7.097586054497587
2022-12-07,Strasbourg,4.0,6.090780716818863
2022-12-08,Strasbourg,2.2,5.836544886390961
2022-12-09,Strasbourg,2.7,5.6546042518528274
2022-12-10,Strasbourg,0.2,4.761242258527112
2022-12-11,Strasbourg,-1.4,4.856712255190811
2022-12-12,Strasbourg,-1.0,3.693928342789828
2022-12-13,Strasbourg,-1.4,2.9376210162894765
2022-12-14,Strasbourg,-0.2,3.2452382450023265
2022-12-15,Strasbourg,-0.7,2.6089742073334854
2022-12-16,Strasbourg,-3.7,3.13363640389203
2022-12-17,Strasbourg,-0.5,3.347209113662945
2022-12-18,Strasbourg,6.3,2.0076934064050747
2022-12-19,Strasbourg,7.3,3.460803182571679
2022-12-20,Strasbourg,11.4,6.40527956586838
2022-12-21,Strasbourg,11.4,6.241296289131471
2022-12-22,Strasbourg,13.1,8.21566430811559
2022-12-23,Strasbourg,11.4,8.005826629665773
2022-12-24,Strasbourg,12.3,8.722005088357223
2022-12-25,Strasbourg,10.9,7.795325513571413
2022-12-26,Strasbourg,7.6,8.394061030134885
2022-12-27,Strasbourg,9.2,7.553440770239561
2022-12-28,Strasbourg,13.0,6.4179084673209115
2022-12-29,Strasbourg,12.9,7.090950803394321
2022-12-30,Strasbourg,17.5,8.55262962527743
2022-10-01,Toulouse,22.5,20.305408406686666
2022-10-02,Toulouse,22.7,22.771477729045646
2022-10-03,Toulouse,23.4,22.68381808829807
2022-10-04,Toulouse,24.5,22.69551280844565
2022-10-05,Toulouse,20.4,23.00563367367123
2022-10-06,Toulouse,22.6,23.39380447322169
2022-10-07,Toulouse,21.2,21.088160765746494
2022-10-08,Toulouse,23.3,22.246658777199023
2022-10-09,Toulouse,24.5,21.348697260442982
2022-10-10,Toulouse,21.6,22.380410880490356
2022-10-11,Toulouse,22.7,22.855198021051486
2022-10-12,Toulouse,22.5,21.218990644289626
2022-10-13,Toulouse,22.4,21.726044466782202
2022-10-14,Toulouse,26.1,21.544885905997578
2022-10-15,Toulouse,25.6,21.392790374209177
2022-10-16,Toulouse,24.8,23.290407008394915
2022-10-17,Toulouse,25.5,22.780275554437416
2022-10-18,Toulouse,26.1,22.20028519509856
2022-10-19,Toulouse,24.6,22.478523120088607
2022-10-20,Toulouse,27.3,22.692334175119726
2022-10-21,Toulouse,25.4,21.82299498641017
2022-10-22,Toulouse,26.1,23.14962943165797
2022-10-23,Toulouse,24.0,22.15797928033555
2022-10-24,Toulouse,24.5,22.310222717127417
2022-10-25,Toulouse,24.5,21.1958678955554
2022-10-26,Toulouse,25.5,21.387283030745852
2022-10-27,Toulouse,24.5,21.259533019828282
2022-10-28,Toulouse,24.0,21.62084375115828
2022-10-29,Toulouse,23.3,21.00784211157402
2022-10-30,Toulouse,25.0,20.649866006794355
2022-10-31,Toulouse,19.7,20.21038736236223
2022-11-01,Toulouse,20.0,20.98321536681595
2022-11-02,Toulouse,19.2,18.155526290485287
2022-11-03,Toulouse,14.3,18.250231804697055
2022-11-04,Toulouse,15.1,17.812759845841473
2022-11-05,Toulouse,19.0,15.170844466047182
2022-11-06,Toulouse,20.5,15.586491251607049
2022-11-07,Toulouse,21.2,17.65120419212648
2022-11-08,Toulouse,17.2,18.245689480424918
2022-11-09,Toulouse,15.4,18.330907174067477
2022-11-10,Toulouse,20.4,16.186874600910727
2022-11-11,Toulouse,21.4,15.241228915296908
2022-11-12,Toulouse,20.2,17.788877559476855
2022-11-13,Toulouse,17.7,18.064377689629815
2022-11-14,Toulouse,18.0,17.49009328754674
2022-11-15,Toulouse,17.8,15.99019667579406
2022-11-16,Toulouse,17.6,16.072706635927595
2022-11-17,Toulouse,13.1,15.948436067489737
2022-11-18,Toulouse,10.6,15.683801795666962
2022-11-19,Toulouse,12.3,13.315643876881442
2022-11-20,Toulouse,15.1,11.993627655492402
2022-11-21,Toulouse,10.8,12.874300240206965
2022-11-22,Toulouse,15.9,14.156193431734831
2022-11-23,Toulouse,14.8,11.873690579957648
2022-11-24,Toulouse,11.2,14.369741715225572
2022-11-25,Toulouse,11.3,13.831671538586413
2022-11-26,Toulouse,12.1,11.803496280718267
2022-11-27,Toulouse,12.3,11.867629597151321
2022-11-28,Toulouse,11.1,12.18704017220167
2022-11-29,Toulouse,7.1,12.12074451237403
2022-11-30,Toulouse,6.6,11.556066122830401
2022-12-01,Toulouse,6.9,9.422723854156672
2022-12-02,Toulouse,8.2,9.10280849391451
2022-12-03,Toulouse,8.4,9.17336208486996
2022-12-04,Toulouse,10.9,9.783943310656639
2022-12-05,Toulouse,10.1,9.863116746208005
2022-12-06,Toulouse,12.3,11.152785490147245
2022-12-07,Toulouse,10.2,10.583919589829407
2022-12-08,Toulouse,10.2,11.641582566558737
2022-12-09,Toulouse,7.9,10.484363863542873
2022-12-10,Toulouse,5.1,10.323451488966572
2022-12-11,Toulouse,5.7,9.313619406938923
2022-12-12,Toulouse,13.4,7.841588994765505
2022-12-13,Toulouse,15.1,8.033403017443224
2022-12-14,Toulouse,12.9,11.827318021404139
2022-12-15,Toulouse,10.9,12.551696105809269
2022-12-16,Toulouse,7.9,11.348620398162755
2022-12-17,Toulouse,11.4,10.3083150583408
2022-12-18,Toulouse,15.5,8.807186490183906
2022-12-19,Toulouse,15.1,10.6155561389985
2022-12-20,Toulouse,16.2,12.47685848192258
2022-12-21,Toulouse,16.8,12.200479859709407
2022-12-22,Toulouse,17.5,12.757370049133142
2022-12-23,Toulouse,17.1,13.09348338144951
2022-12-24,Toulouse,14.9,13.416190611748725
2022-12-25,Toulouse,14.4,13.190159221658245
2022-12-26,Toulouse,12.7,11.96410025666739
2022-12-27,Toulouse,14.2,11.606164305658965
2022-12-28,Toulouse,14.0,10.764505492433864
2022-12-29,Toulouse,16.2,11.540344232948478
2022-12-30,Toulouse,15.1,11.351246692424532
